Workbook

Sheet Activities
A1: CTE – Linked Learning · Activities
A2: Edit this tab to update the Gantt automatically. Fill in Start/End for continuous activities, OR Custom months (e.g. "8,10,1,3") for irregular ones.
A4: Workstream | B4: Activity | C4: Start month | D4: End month | E4: Custom months | F4: Effort (1–4) | G4: Milestone? | H4: Who | I4: Notes | J4: Link
A5: CTE Pathway, Scheduling & Funding | B5: CTE master scheduling, pathway completion & Elevate error review | E5: 1,2,3,4,5,6,7,9,12 | F5: 1 | G5: No | H5: Coaches | I5: Consolidates recurring master-schedule planning, concentrator/capstone checks, and administrator/counselor follow-up.
A6: CTE Pathway, Scheduling & Funding | B6: Unified Funding Application cycle: orientation, troubleshooting, application & purchasing support | E6: 2,3,4,7,8,9,12 | F6: 2 | G6: No | H6: Coaches | I6: Combines application-window support, deadline follow-up, budget alignment, and award purchasing support.
A7: CTE Pathway, Scheduling & Funding | B7: GSPP planning, implementation & spending support | E7: 3,5,6,7,8,9,11,12 | F7: 2 | G7: No | H7: Coaches | I7: Includes PD, implementation coaching, goal progress, and spending support.
A8: CTE Pathway, Scheduling & Funding | B8: Course equivalencies development | C8: 2 | D8: 5 | F8: 2 | G8: No | H8: Coaches | I8: Equitably assigned course-equivalency work.
A9: Instructional Design, PBL & Defenses | B9: PBL/HQIM annual planning, pilot reflection & improvement design | E9: 11,12 | F9: 1 | G9: No | H9: Coaches | I9: Consolidates pilot reflection, theory of action, and annual instructional planning.
A10: Instructional Design, PBL & Defenses | B10: PBL/HQIM school-site coaching and professional learning | C10: 3 | D10: 9 | F10: 3 | G10: No | H10: Coaches | I10: Core instructional coaching and PD at school sites.
A11: Instructional Design, PBL & Defenses | B11: Linked Learning onboarding / August PBL professional learning | C11: 2 | D11: 2 | F11: 2 | G11: Yes | H11: Coaches | I11: Major August onboarding/PBL event; shown on Gantt but excluded from capacity totals as a milestone.
A12: Instructional Design, PBL & Defenses | B12: PBL 101 / fall instructional training | C12: 4 | D12: 4 | F12: 3 | G12: No | H12: Coaches | I12: October PBL 101 and related fall instructional training.
A13: Instructional Design, PBL & Defenses | B13: Defense calibration, support, feedback & reflection | E13: 7,8,9,11 | F13: 2 | G13: No | H13: Coaches | I13: Combines calibration, school support, feedback, and review of defense quality/data.
A14: Pathway Strategy, Data & Certification | B14: Administrator goal-setting, priorities & annual data review | E14: 1,2,12 | F14: 2 | G14: No | H14: Both | I14: Annual planning and data review with administrators; includes follow-up review of school goals.
A15: Pathway Strategy, Data & Certification | B15: School goal progress checks and targeted support planning | E15: 4,5,11 | F15: 2 | G15: No | H15: Both | I15: Team reviews progress, identifies patterns, and plans differentiated support.
A16: Pathway Strategy, Data & Certification | B16: Linked Learning certification planning & school support | C16: 2 | D16: 10 | F16: 2 | G16: No | H16: Both | I16: Support for schools pursuing Silver, Gold, or other Linked Learning certification milestones.
A17: Pathway Strategy, Data & Certification | B17: Team data checks, accomplishments review & next-year goal setting | E17: 3,7,11,12 | F17: 1 | G17: No | H17: Both | I17: Includes CTE completion, WBL, MiSiS tagging, CCR/dashboard outcomes, and year-end reflection.
A18: Pathway Strategy, Data & Certification | B18: Cross-team funding review & GSPP 3-year planning | E18: 9,12 | F18: 1 | G18: No | H18: Both | I18: Funding application scoring and cross-team GSPP planning.
A19: Professional Learning & Leadership | B19: Linked Learning Team retreat | C19: 1 | D19: 1 | F19: 1 | G19: Yes | H19: Both | I19: Team retreat / annual launch; milestone excluded from load totals.
A20: Professional Learning & Leadership | B20: Linked Learning Leaders professional learning series | E20: 3,4,7,8,10 | F20: 2 | G20: No | H20: Coaches | I20: Planning and facilitation of Leaders PD/workshops across the year.
A21: Professional Learning & Leadership | B21: Linked Learning microcredential program | C21: 1 | D21: 11 | F21: 1 | G21: No | H21: Coaches | I21: Promotion, facilitation, support-provider coordination, and participant support across the annual cycle.
A22: Professional Learning & Leadership | B22: Administrator Linked Learning information sessions | C22: 1 | D22: 3 | F22: 2 | G22: No | H22: Coaches | I22: July–September information sessions for school administrators.
A23: Professional Learning & Leadership | B23: LL Conference, Showcase & recognition activities | E23: 4,9,10 | F23: 2 | G23: No | H23: Both | I23: Includes conference, CTE-Linked Learning Showcase, and leader/student recognition work.
A24: Professional Learning & Leadership | B24: Department planning, team committees & cross-functional coordination | C24: 2 | D24: 9 | F24: 1 | G24: No | H24: Both | I24: Recurring department planning and internal committee work.
A25: Professional Learning & Leadership | B25: School Redesign Grant demonstration site visits | E25: 3,5,9 | F25: 2 | G25: Yes | H25: Coaches | I25: Demonstration site visits for Linked Learning Leads; milestone dates shown but excluded from capacity totals.
A26: WBL Planning, Partnerships & Career Exposure | B26: Annual WBL plan, priorities, checkpoints & year-end reflection | E26: 1,3,7,9,11,12 | F26: 2 | G26: No | H26: Coordinators | I26: Combines annual planning, school checkpoints, next-year visioning, and reflection.
A27: WBL Planning, Partnerships & Career Exposure | B27: Employer/community partner outreach & industry partnership development | C27: 2 | D27: 12 | F27: 2 | G27: No | H27: Coordinators | I27: Ongoing employer outreach, onboarding, relationship development, and industry mapping.
A28: WBL Planning, Partnerships & Career Exposure | B28: Career Days, college/career fairs & pathway event planning/support | C28: 3 | D28: 11 | F28: 3 | G28: No | H28: Coordinators | I28: Major event-planning responsibility including industry partner recruitment and school support.
A29: WBL Planning, Partnerships & Career Exposure | B29: WBL connections for PBL and classroom learning | C29: 3 | D29: 11 | F29: 2 | G29: No | H29: Coordinators | I29: Industry speakers, partners, and career-connected experiences that support PBL units.
A30: Internships & Work Readiness | B30: School-site work readiness implementation support | C30: 1 | D30: 12 | F30: 2 | G30: No | H30: Coordinators | I30: Ongoing support for school implementation of work-readiness systems and student preparation.
A31: Internships & Work Readiness | B31: Work readiness PD, workshops & orientations | E31: 3,4,5 | F31: 2 | G31: No | H31: Coordinators | I31: Staff/student-facing work readiness training, career-readiness workshops, and orientations.
A32: Internships & Work Readiness | B32: Student outreach, recruitment, applications, matching & placement | C32: 3 | D32: 9 | F32: 3 | G32: No | H32: Coordinators | I32: Consolidates student marketing/recruitment, applications, matching, interviews, and placement.
A33: Internships & Work Readiness | B33: Intern and worksite supervisor training/onboarding | C33: 3 | D33: 10 | F33: 2 | G33: No | H33: Coordinators | I33: Pre-placement and ongoing training for interns and worksite supervisors.
A34: Internships & Work Readiness | B34: Internship administration: timesheets, check-ins & ongoing support | C34: 3 | D34: 12 | F34: 3 | G34: No | H34: Coordinators | I34: Recurring timesheet processing and intern/worksite supervisor check-ins throughout placements.
A35: Internships & Work Readiness | B35: Teacher-led internship program support | C35: 3 | D35: 12 | F35: 1 | G35: No | H35: Coordinators | I35: Support for school-based/teacher-led internship programs beyond centrally managed placements.
A36: Internships & Work Readiness | B36: Internship closeout & program reflection | C36: 11 | D36: 12 | F36: 2 | G36: No | H36: Coordinators | I36: End-of-program closeout meetings and reflection with students/employers.
A37: Internships & Work Readiness | B37: Parent/student information & campus outreach | C37: 2 | D37: 5 | F37: 1 | G37: No | H37: Coordinators | I37: Information sessions, student/campus marketing, expectations, and communications.
A38: Internships & Work Readiness | B38: IRC / Workplace Readiness Badge implementation | C38: 5 | D38: 5 | F38: 2 | G38: No | H38: Coordinators | I38: Support for industry-recognized and workplace-readiness credentials tied to internship readiness.
A39: WBL Operations, Logistics & Reporting | B39: Field trip coordination, transportation & documentation logistics | C39: 2 | D39: 11 | F39: 2 | G39: No | H39: Coordinators | I39: Bus requests, approvals, documentation, follow-up, and trip logistics.
A40: WBL Operations, Logistics & Reporting | B40: Purchasing & procurement support | C40: 1 | D40: 12 | F40: 2 | G40: No | H40: Coordinators | I40: Quotes, purchase requests, purchase-order follow-up, and procurement troubleshooting.
A41: WBL Operations, Logistics & Reporting | B41: MiSiS/WBL data systems, reporting, compliance & training | C41: 1 | D41: 12 | F41: 2 | G41: No | H41: Coordinators | I41: MiSiS/WBL systems, rosters, reporting, compliance documentation, and scheduled trainings.
A42: WBL Operations, Logistics & Reporting | B42: Summer Bridge program support | C42: 12 | D42: 1 | F42: 2 | G42: No | H42: Coordinators | I42: Recurring summer program support; scope varies by year.

Sheet Gantt
A1: CTE – Linked Learning · Team Capacity Gantt
A2: 2026–27 school year · Auto-rendered from the Activities tab. Edit there to update this view.
A4: Workstream | B4: Activity | C4: Jul | D4: Aug | E4: Sep | F4: Oct | G4: Nov | H4: Dec | I4: Jan | J4: Feb | K4: Mar | L4: Apr | M4: May | N4: Jun
A5: =IF(Activities!$A5<>"",Activities!$A5,"") -> CTE Pathway, Scheduling & Funding | B5: =IF(Activities!$B5<>"",Activities!$B5,"") -> CTE master scheduling, pathway completion & Elevate error review | C5: =IF(AND(Activities!$A5<>"",IF(Activities!$E5<>"",ISNUMBER(SEARCH(",1,",","&Activities!$E5&",")),AND(Activities!$C5<=1,Activities!$D5>=1))),IF(Activities!$H5="Coaches","🌱 ",IF(Activities!$H5="Coordinators","⚙️ ",IF(Activities!$H5="Both","👥 ","")))&Activities!$B5&CHAR(10)&REPT("●",Activities!$F5),"") -> 🌱 CTE master scheduling, pathway completion & Elevate error review ● | D5: =IF(AND(Activities!$A5<>"",IF(Activities!$E5<>"",ISNUMBER(SEARCH(",2,",","&Activities!$E5&",")),AND(Activities!$C5<=2,Activities!$D5>=2))),IF(Activities!$H5="Coaches","🌱 ",IF(Activities!$H5="Coordinators","⚙️ ",IF(Activities!$H5="Both","👥 ","")))&Activities!$B5&CHAR(10)&REPT("●",Activities!$F5),"") -> 🌱 CTE master scheduling, pathway completion & Elevate error review ● | E5: =IF(AND(Activities!$A5<>"",IF(Activities!$E5<>"",ISNUMBER(SEARCH(",3,",","&Activities!$E5&",")),AND(Activities!$C5<=3,Activities!$D5>=3))),IF(Activities!$H5="Coaches","🌱 ",IF(Activities!$H5="Coordinators","⚙️ ",IF(Activities!$H5="Both","👥 ","")))&Activities!$B5&CHAR(10)&REPT("●",Activities!$F5),"") -> 🌱 CTE master scheduling, pathway completion & Elevate error review ● | F5: =IF(AND(Activities!$A5<>"",IF(Activities!$E5<>"",ISNUMBER(SEARCH(",4,",","&Activities!$E5&",")),AND(Activities!$C5<=4,Activities!$D5>=4))),IF(Activities!$H5="Coaches","🌱 ",IF(Activities!$H5="Coordinators","⚙️ ",IF(Activities!$H5="Both","👥 ","")))&Activities!$B5&CHAR(10)&REPT("●",Activities!$F5),"") -> 🌱 CTE master scheduling, pathway completion & Elevate error review ● | G5: =IF(AND(Activities!$A5<>"",IF(Activities!$E5<>"",ISNUMBER(SEARCH(",5,",","&Activities!$E5&",")),AND(Activities!$C5<=5,Activities!$D5>=5))),IF(Activities!$H5="Coaches","🌱 ",IF(Activities!$H5="Coordinators","⚙️ ",IF(Activities!$H5="Both","👥 ","")))&Activities!$B5&CHAR(10)&REPT("●",Activities!$F5),"") -> 🌱 CTE master scheduling, pathway completion & Elevate error review ● | H5: =IF(AND(Activities!$A5<>"",IF(Activities!$E5<>"",ISNUMBER(SEARCH(",6,",","&Activities!$E5&",")),AND(Activities!$C5<=6,Activities!$D5>=6))),IF(Activities!$H5="Coaches","🌱 ",IF(Activities!$H5="Coordinators","⚙️ ",IF(Activities!$H5="Both","👥 ","")))&Activities!$B5&CHAR(10)&REPT("●",Activities!$F5),"") -> 🌱 CTE master scheduling, pathway completion & Elevate error review ● | I5: =IF(AND(Activities!$A5<>"",IF(Activities!$E5<>"",ISNUMBER(SEARCH(",7,",","&Activities!$E5&",")),AND(Activities!$C5<=7,Activities!$D5>=7))),IF(Activities!$H5="Coaches","🌱 ",IF(Activities!$H5="Coordinators","⚙️ ",IF(Activities!$H5="Both","👥 ","")))&Activities!$B5&CHAR(10)&REPT("●",Activities!$F5),"") -> 🌱 CTE master scheduling, pathway completion & Elevate error review ● | J5: =IF(AND(Activities!$A5<>"",IF(Activities!$E5<>"",ISNUMBER(SEARCH(",8,",","&Activities!$E5&",")),AND(Activities!$C5<=8,Activities!$D5>=8))),IF(Activities!$H5="Coaches","🌱 ",IF(Activities!$H5="Coordinators","⚙️ ",IF(Activities!$H5="Both","👥 ","")))&Activities!$B5&CHAR(10)&REPT("●",Activities!$F5),"") | K5: =IF(AND(Activities!$A5<>"",IF(Activities!$E5<>"",ISNUMBER(SEARCH(",9,",","&Activities!$E5&",")),AND(Activities!$C5<=9,Activities!$D5>=9))),IF(Activities!$H5="Coaches","🌱 ",IF(Activities!$H5="Coordinators","⚙️ ",IF(Activities!$H5="Both","👥 ","")))&Activities!$B5&CHAR(10)&REPT("●",Activities!$F5),"") -> 🌱 CTE master scheduling, pathway completion & Elevate error review ● | L5: =IF(AND(Activities!$A5<>"",IF(Activities!$E5<>"",ISNUMBER(SEARCH(",10,",","&Activities!$E5&",")),AND(Activities!$C5<=10,Activities!$D5>=10))),IF(Activities!$H5="Coaches","🌱 ",IF(Activities!$H5="Coordinators","⚙️ ",IF(Activities!$H5="Both","👥 ","")))&Activities!$B5&CHAR(10)&REPT("●",Activities!$F5),"") | M5: =IF(AND(Activities!$A5<>"",IF(Activities!$E5<>"",ISNUMBER(SEARCH(",11,",","&Activities!$E5&",")),AND(Activities!$C5<=11,Activities!$D5>=11))),IF(Activities!$H5="Coaches","🌱 ",IF(Activities!$H5="Coordinators","⚙️ ",IF(Activities!$H5="Both","👥 ","")))&Activities!$B5&CHAR(10)&REPT("●",Activities!$F5),"") | N5: =IF(AND(Activities!$A5<>"",IF(Activities!$E5<>"",ISNUMBER(SEARCH(",12,",","&Activities!$E5&",")),AND(Activities!$C5<=12,Activities!$D5>=12))),IF(Activities!$H5="Coaches","🌱 ",IF(Activities!$H5="Coordinators","⚙️ ",IF(Activities!$H5="Both","👥 ","")))&Activities!$B5&CHAR(10)&REPT("●",Activities!$F5),"") -> 🌱 CTE master scheduling, pathway completion & Elevate error review ●
A6: =IF(Activities!$A6<>"",Activities!$A6,"") -> CTE Pathway, Scheduling & Funding | B6: =IF(Activities!$B6<>"",Activities!$B6,"") -> Unified Funding Application cycle: orientation, troubleshooting, application & purchasing support | C6: =IF(AND(Activities!$A6<>"",IF(Activities!$E6<>"",ISNUMBER(SEARCH(",1,",","&Activities!$E6&",")),AND(Activities!$C6<=1,Activities!$D6>=1))),IF(Activities!$H6="Coaches","🌱 ",IF(Activities!$H6="Coordinators","⚙️ ",IF(Activities!$H6="Both","👥 ","")))&Activities!$B6&CHAR(10)&REPT("●",Activities!$F6),"") | D6: =IF(AND(Activities!$A6<>"",IF(Activities!$E6<>"",ISNUMBER(SEARCH(",2,",","&Activities!$E6&",")),AND(Activities!$C6<=2,Activities!$D6>=2))),IF(Activities!$H6="Coaches","🌱 ",IF(Activities!$H6="Coordinators","⚙️ ",IF(Activities!$H6="Both","👥 ","")))&Activities!$B6&CHAR(10)&REPT("●",Activities!$F6),"") -> 🌱 Unified Funding Application cycle: orientation, troubleshooting, application & purchasing support ●● | E6: =IF(AND(Activities!$A6<>"",IF(Activities!$E6<>"",ISNUMBER(SEARCH(",3,",","&Activities!$E6&",")),AND(Activities!$C6<=3,Activities!$D6>=3))),IF(Activities!$H6="Coaches","🌱 ",IF(Activities!$H6="Coordinators","⚙️ ",IF(Activities!$H6="Both","👥 ","")))&Activities!$B6&CHAR(10)&REPT("●",Activities!$F6),"") -> 🌱 Unified Funding Application cycle: orientation, troubleshooting, application & purchasing support ●● | F6: =IF(AND(Activities!$A6<>"",IF(Activities!$E6<>"",ISNUMBER(SEARCH(",4,",","&Activities!$E6&",")),AND(Activities!$C6<=4,Activities!$D6>=4))),IF(Activities!$H6="Coaches","🌱 ",IF(Activities!$H6="Coordinators","⚙️ ",IF(Activities!$H6="Both","👥 ","")))&Activities!$B6&CHAR(10)&REPT("●",Activities!$F6),"") -> 🌱 Unified Funding Application cycle: orientation, troubleshooting, application & purchasing support ●● | G6: =IF(AND(Activities!$A6<>"",IF(Activities!$E6<>"",ISNUMBER(SEARCH(",5,",","&Activities!$E6&",")),AND(Activities!$C6<=5,Activities!$D6>=5))),IF(Activities!$H6="Coaches","🌱 ",IF(Activities!$H6="Coordinators","⚙️ ",IF(Activities!$H6="Both","👥 ","")))&Activities!$B6&CHAR(10)&REPT("●",Activities!$F6),"") | H6: =IF(AND(Activities!$A6<>"",IF(Activities!$E6<>"",ISNUMBER(SEARCH(",6,",","&Activities!$E6&",")),AND(Activities!$C6<=6,Activities!$D6>=6))),IF(Activities!$H6="Coaches","🌱 ",IF(Activities!$H6="Coordinators","⚙️ ",IF(Activities!$H6="Both","👥 ","")))&Activities!$B6&CHAR(10)&REPT("●",Activities!$F6),"") | I6: =IF(AND(Activities!$A6<>"",IF(Activities!$E6<>"",ISNUMBER(SEARCH(",7,",","&Activities!$E6&",")),AND(Activities!$C6<=7,Activities!$D6>=7))),IF(Activities!$H6="Coaches","🌱 ",IF(Activities!$H6="Coordinators","⚙️ ",IF(Activities!$H6="Both","👥 ","")))&Activities!$B6&CHAR(10)&REPT("●",Activities!$F6),"") -> 🌱 Unified Funding Application cycle: orientation, troubleshooting, application & purchasing support ●● | J6: =IF(AND(Activities!$A6<>"",IF(Activities!$E6<>"",ISNUMBER(SEARCH(",8,",","&Activities!$E6&",")),AND(Activities!$C6<=8,Activities!$D6>=8))),IF(Activities!$H6="Coaches","🌱 ",IF(Activities!$H6="Coordinators","⚙️ ",IF(Activities!$H6="Both","👥 ","")))&Activities!$B6&CHAR(10)&REPT("●",Activities!$F6),"") -> 🌱 Unified Funding Application cycle: orientation, troubleshooting, application & purchasing support ●● | K6: =IF(AND(Activities!$A6<>"",IF(Activities!$E6<>"",ISNUMBER(SEARCH(",9,",","&Activities!$E6&",")),AND(Activities!$C6<=9,Activities!$D6>=9))),IF(Activities!$H6="Coaches","🌱 ",IF(Activities!$H6="Coordinators","⚙️ ",IF(Activities!$H6="Both","👥 ","")))&Activities!$B6&CHAR(10)&REPT("●",Activities!$F6),"") -> 🌱 Unified Funding Application cycle: orientation, troubleshooting, application & purchasing support ●● | L6: =IF(AND(Activities!$A6<>"",IF(Activities!$E6<>"",ISNUMBER(SEARCH(",10,",","&Activities!$E6&",")),AND(Activities!$C6<=10,Activities!$D6>=10))),IF(Activities!$H6="Coaches","🌱 ",IF(Activities!$H6="Coordinators","⚙️ ",IF(Activities!$H6="Both","👥 ","")))&Activities!$B6&CHAR(10)&REPT("●",Activities!$F6),"") | M6: =IF(AND(Activities!$A6<>"",IF(Activities!$E6<>"",ISNUMBER(SEARCH(",11,",","&Activities!$E6&",")),AND(Activities!$C6<=11,Activities!$D6>=11))),IF(Activities!$H6="Coaches","🌱 ",IF(Activities!$H6="Coordinators","⚙️ ",IF(Activities!$H6="Both","👥 ","")))&Activities!$B6&CHAR(10)&REPT("●",Activities!$F6),"") | N6: =IF(AND(Activities!$A6<>"",IF(Activities!$E6<>"",ISNUMBER(SEARCH(",12,",","&Activities!$E6&",")),AND(Activities!$C6<=12,Activities!$D6>=12))),IF(Activities!$H6="Coaches","🌱 ",IF(Activities!$H6="Coordinators","⚙️ ",IF(Activities!$H6="Both","👥 ","")))&Activities!$B6&CHAR(10)&REPT("●",Activities!$F6),"") -> 🌱 Unified Funding Application cycle: orientation, troubleshooting, application & purchasing support ●●
A7: =IF(Activities!$A7<>"",Activities!$A7,"") -> CTE Pathway, Scheduling & Funding | B7: =IF(Activities!$B7<>"",Activities!$B7,"") -> GSPP planning, implementation & spending support | C7: =IF(AND(Activities!$A7<>"",IF(Activities!$E7<>"",ISNUMBER(SEARCH(",1,",","&Activities!$E7&",")),AND(Activities!$C7<=1,Activities!$D7>=1))),IF(Activities!$H7="Coaches","🌱 ",IF(Activities!$H7="Coordinators","⚙️ ",IF(Activities!$H7="Both","👥 ","")))&Activities!$B7&CHAR(10)&REPT("●",Activities!$F7),"") | D7: =IF(AND(Activities!$A7<>"",IF(Activities!$E7<>"",ISNUMBER(SEARCH(",2,",","&Activities!$E7&",")),AND(Activities!$C7<=2,Activities!$D7>=2))),IF(Activities!$H7="Coaches","🌱 ",IF(Activities!$H7="Coordinators","⚙️ ",IF(Activities!$H7="Both","👥 ","")))&Activities!$B7&CHAR(10)&REPT("●",Activities!$F7),"") | E7: =IF(AND(Activities!$A7<>"",IF(Activities!$E7<>"",ISNUMBER(SEARCH(",3,",","&Activities!$E7&",")),AND(Activities!$C7<=3,Activities!$D7>=3))),IF(Activities!$H7="Coaches","🌱 ",IF(Activities!$H7="Coordinators","⚙️ ",IF(Activities!$H7="Both","👥 ","")))&Activities!$B7&CHAR(10)&REPT("●",Activities!$F7),"") -> 🌱 GSPP planning, implementation & spending support ●● | F7: =IF(AND(Activities!$A7<>"",IF(Activities!$E7<>"",ISNUMBER(SEARCH(",4,",","&Activities!$E7&",")),AND(Activities!$C7<=4,Activities!$D7>=4))),IF(Activities!$H7="Coaches","🌱 ",IF(Activities!$H7="Coordinators","⚙️ ",IF(Activities!$H7="Both","👥 ","")))&Activities!$B7&CHAR(10)&REPT("●",Activities!$F7),"") | G7: =IF(AND(Activities!$A7<>"",IF(Activities!$E7<>"",ISNUMBER(SEARCH(",5,",","&Activities!$E7&",")),AND(Activities!$C7<=5,Activities!$D7>=5))),IF(Activities!$H7="Coaches","🌱 ",IF(Activities!$H7="Coordinators","⚙️ ",IF(Activities!$H7="Both","👥 ","")))&Activities!$B7&CHAR(10)&REPT("●",Activities!$F7),"") -> 🌱 GSPP planning, implementation & spending support ●● | H7: =IF(AND(Activities!$A7<>"",IF(Activities!$E7<>"",ISNUMBER(SEARCH(",6,",","&Activities!$E7&",")),AND(Activities!$C7<=6,Activities!$D7>=6))),IF(Activities!$H7="Coaches","🌱 ",IF(Activities!$H7="Coordinators","⚙️ ",IF(Activities!$H7="Both","👥 ","")))&Activities!$B7&CHAR(10)&REPT("●",Activities!$F7),"") -> 🌱 GSPP planning, implementation & spending support ●● | I7: =IF(AND(Activities!$A7<>"",IF(Activities!$E7<>"",ISNUMBER(SEARCH(",7,",","&Activities!$E7&",")),AND(Activities!$C7<=7,Activities!$D7>=7))),IF(Activities!$H7="Coaches","🌱 ",IF(Activities!$H7="Coordinators","⚙️ ",IF(Activities!$H7="Both","👥 ","")))&Activities!$B7&CHAR(10)&REPT("●",Activities!$F7),"") -> 🌱 GSPP planning, implementation & spending support ●● | J7: =IF(AND(Activities!$A7<>"",IF(Activities!$E7<>"",ISNUMBER(SEARCH(",8,",","&Activities!$E7&",")),AND(Activities!$C7<=8,Activities!$D7>=8))),IF(Activities!$H7="Coaches","🌱 ",IF(Activities!$H7="Coordinators","⚙️ ",IF(Activities!$H7="Both","👥 ","")))&Activities!$B7&CHAR(10)&REPT("●",Activities!$F7),"") -> 🌱 GSPP planning, implementation & spending support ●● | K7: =IF(AND(Activities!$A7<>"",IF(Activities!$E7<>"",ISNUMBER(SEARCH(",9,",","&Activities!$E7&",")),AND(Activities!$C7<=9,Activities!$D7>=9))),IF(Activities!$H7="Coaches","🌱 ",IF(Activities!$H7="Coordinators","⚙️ ",IF(Activities!$H7="Both","👥 ","")))&Activities!$B7&CHAR(10)&REPT("●",Activities!$F7),"") -> 🌱 GSPP planning, implementation & spending support ●● | L7: =IF(AND(Activities!$A7<>"",IF(Activities!$E7<>"",ISNUMBER(SEARCH(",10,",","&Activities!$E7&",")),AND(Activities!$C7<=10,Activities!$D7>=10))),IF(Activities!$H7="Coaches","🌱 ",IF(Activities!$H7="Coordinators","⚙️ ",IF(Activities!$H7="Both","👥 ","")))&Activities!$B7&CHAR(10)&REPT("●",Activities!$F7),"") | M7: =IF(AND(Activities!$A7<>"",IF(Activities!$E7<>"",ISNUMBER(SEARCH(",11,",","&Activities!$E7&",")),AND(Activities!$C7<=11,Activities!$D7>=11))),IF(Activities!$H7="Coaches","🌱 ",IF(Activities!$H7="Coordinators","⚙️ ",IF(Activities!$H7="Both","👥 ","")))&Activities!$B7&CHAR(10)&REPT("●",Activities!$F7),"") -> 🌱 GSPP planning, implementation & spending support ●● | N7: =IF(AND(Activities!$A7<>"",IF(Activities!$E7<>"",ISNUMBER(SEARCH(",12,",","&Activities!$E7&",")),AND(Activities!$C7<=12,Activities!$D7>=12))),IF(Activities!$H7="Coaches","🌱 ",IF(Activities!$H7="Coordinators","⚙️ ",IF(Activities!$H7="Both","👥 ","")))&Activities!$B7&CHAR(10)&REPT("●",Activities!$F7),"") -> 🌱 GSPP planning, implementation & spending support ●●
A8: =IF(Activities!$A8<>"",Activities!$A8,"") -> CTE Pathway, Scheduling & Funding | B8: =IF(Activities!$B8<>"",Activities!$B8,"") -> Course equivalencies development | C8: =IF(AND(Activities!$A8<>"",IF(Activities!$E8<>"",ISNUMBER(SEARCH(",1,",","&Activities!$E8&",")),AND(Activities!$C8<=1,Activities!$D8>=1))),IF(Activities!$H8="Coaches","🌱 ",IF(Activities!$H8="Coordinators","⚙️ ",IF(Activities!$H8="Both","👥 ","")))&Activities!$B8&CHAR(10)&REPT("●",Activities!$F8),"") | D8: =IF(AND(Activities!$A8<>"",IF(Activities!$E8<>"",ISNUMBER(SEARCH(",2,",","&Activities!$E8&",")),AND(Activities!$C8<=2,Activities!$D8>=2))),IF(Activities!$H8="Coaches","🌱 ",IF(Activities!$H8="Coordinators","⚙️ ",IF(Activities!$H8="Both","👥 ","")))&Activities!$B8&CHAR(10)&REPT("●",Activities!$F8),"") -> 🌱 Course equivalencies development ●● | E8: =IF(AND(Activities!$A8<>"",IF(Activities!$E8<>"",ISNUMBER(SEARCH(",3,",","&Activities!$E8&",")),AND(Activities!$C8<=3,Activities!$D8>=3))),IF(Activities!$H8="Coaches","🌱 ",IF(Activities!$H8="Coordinators","⚙️ ",IF(Activities!$H8="Both","👥 ","")))&Activities!$B8&CHAR(10)&REPT("●",Activities!$F8),"") -> 🌱 Course equivalencies development ●● | F8: =IF(AND(Activities!$A8<>"",IF(Activities!$E8<>"",ISNUMBER(SEARCH(",4,",","&Activities!$E8&",")),AND(Activities!$C8<=4,Activities!$D8>=4))),IF(Activities!$H8="Coaches","🌱 ",IF(Activities!$H8="Coordinators","⚙️ ",IF(Activities!$H8="Both","👥 ","")))&Activities!$B8&CHAR(10)&REPT("●",Activities!$F8),"") -> 🌱 Course equivalencies development ●● | G8: =IF(AND(Activities!$A8<>"",IF(Activities!$E8<>"",ISNUMBER(SEARCH(",5,",","&Activities!$E8&",")),AND(Activities!$C8<=5,Activities!$D8>=5))),IF(Activities!$H8="Coaches","🌱 ",IF(Activities!$H8="Coordinators","⚙️ ",IF(Activities!$H8="Both","👥 ","")))&Activities!$B8&CHAR(10)&REPT("●",Activities!$F8),"") -> 🌱 Course equivalencies development ●● | H8: =IF(AND(Activities!$A8<>"",IF(Activities!$E8<>"",ISNUMBER(SEARCH(",6,",","&Activities!$E8&",")),AND(Activities!$C8<=6,Activities!$D8>=6))),IF(Activities!$H8="Coaches","🌱 ",IF(Activities!$H8="Coordinators","⚙️ ",IF(Activities!$H8="Both","👥 ","")))&Activities!$B8&CHAR(10)&REPT("●",Activities!$F8),"") | I8: =IF(AND(Activities!$A8<>"",IF(Activities!$E8<>"",ISNUMBER(SEARCH(",7,",","&Activities!$E8&",")),AND(Activities!$C8<=7,Activities!$D8>=7))),IF(Activities!$H8="Coaches","🌱 ",IF(Activities!$H8="Coordinators","⚙️ ",IF(Activities!$H8="Both","👥 ","")))&Activities!$B8&CHAR(10)&REPT("●",Activities!$F8),"") | J8: =IF(AND(Activities!$A8<>"",IF(Activities!$E8<>"",ISNUMBER(SEARCH(",8,",","&Activities!$E8&",")),AND(Activities!$C8<=8,Activities!$D8>=8))),IF(Activities!$H8="Coaches","🌱 ",IF(Activities!$H8="Coordinators","⚙️ ",IF(Activities!$H8="Both","👥 ","")))&Activities!$B8&CHAR(10)&REPT("●",Activities!$F8),"") | K8: =IF(AND(Activities!$A8<>"",IF(Activities!$E8<>"",ISNUMBER(SEARCH(",9,",","&Activities!$E8&",")),AND(Activities!$C8<=9,Activities!$D8>=9))),IF(Activities!$H8="Coaches","🌱 ",IF(Activities!$H8="Coordinators","⚙️ ",IF(Activities!$H8="Both","👥 ","")))&Activities!$B8&CHAR(10)&REPT("●",Activities!$F8),"") | L8: =IF(AND(Activities!$A8<>"",IF(Activities!$E8<>"",ISNUMBER(SEARCH(",10,",","&Activities!$E8&",")),AND(Activities!$C8<=10,Activities!$D8>=10))),IF(Activities!$H8="Coaches","🌱 ",IF(Activities!$H8="Coordinators","⚙️ ",IF(Activities!$H8="Both","👥 ","")))&Activities!$B8&CHAR(10)&REPT("●",Activities!$F8),"") | M8: =IF(AND(Activities!$A8<>"",IF(Activities!$E8<>"",ISNUMBER(SEARCH(",11,",","&Activities!$E8&",")),AND(Activities!$C8<=11,Activities!$D8>=11))),IF(Activities!$H8="Coaches","🌱 ",IF(Activities!$H8="Coordinators","⚙️ ",IF(Activities!$H8="Both","👥 ","")))&Activities!$B8&CHAR(10)&REPT("●",Activities!$F8),"") | N8: =IF(AND(Activities!$A8<>"",IF(Activities!$E8<>"",ISNUMBER(SEARCH(",12,",","&Activities!$E8&",")),AND(Activities!$C8<=12,Activities!$D8>=12))),IF(Activities!$H8="Coaches","🌱 ",IF(Activities!$H8="Coordinators","⚙️ ",IF(Activities!$H8="Both","👥 ","")))&Activities!$B8&CHAR(10)&REPT("●",Activities!$F8),"")
A9: =IF(Activities!$A9<>"",Activities!$A9,"") -> Instructional Design, PBL & Defenses | B9: =IF(Activities!$B9<>"",Activities!$B9,"") -> PBL/HQIM annual planning, pilot reflection & improvement design | C9: =IF(AND(Activities!$A9<>"",IF(Activities!$E9<>"",ISNUMBER(SEARCH(",1,",","&Activities!$E9&",")),AND(Activities!$C9<=1,Activities!$D9>=1))),IF(Activities!$H9="Coaches","🌱 ",IF(Activities!$H9="Coordinators","⚙️ ",IF(Activities!$H9="Both","👥 ","")))&Activities!$B9&CHAR(10)&REPT("●",Activities!$F9),"") | D9: =IF(AND(Activities!$A9<>"",IF(Activities!$E9<>"",ISNUMBER(SEARCH(",2,",","&Activities!$E9&",")),AND(Activities!$C9<=2,Activities!$D9>=2))),IF(Activities!$H9="Coaches","🌱 ",IF(Activities!$H9="Coordinators","⚙️ ",IF(Activities!$H9="Both","👥 ","")))&Activities!$B9&CHAR(10)&REPT("●",Activities!$F9),"") | E9: =IF(AND(Activities!$A9<>"",IF(Activities!$E9<>"",ISNUMBER(SEARCH(",3,",","&Activities!$E9&",")),AND(Activities!$C9<=3,Activities!$D9>=3))),IF(Activities!$H9="Coaches","🌱 ",IF(Activities!$H9="Coordinators","⚙️ ",IF(Activities!$H9="Both","👥 ","")))&Activities!$B9&CHAR(10)&REPT("●",Activities!$F9),"") | F9: =IF(AND(Activities!$A9<>"",IF(Activities!$E9<>"",ISNUMBER(SEARCH(",4,",","&Activities!$E9&",")),AND(Activities!$C9<=4,Activities!$D9>=4))),IF(Activities!$H9="Coaches","🌱 ",IF(Activities!$H9="Coordinators","⚙️ ",IF(Activities!$H9="Both","👥 ","")))&Activities!$B9&CHAR(10)&REPT("●",Activities!$F9),"") | G9: =IF(AND(Activities!$A9<>"",IF(Activities!$E9<>"",ISNUMBER(SEARCH(",5,",","&Activities!$E9&",")),AND(Activities!$C9<=5,Activities!$D9>=5))),IF(Activities!$H9="Coaches","🌱 ",IF(Activities!$H9="Coordinators","⚙️ ",IF(Activities!$H9="Both","👥 ","")))&Activities!$B9&CHAR(10)&REPT("●",Activities!$F9),"") | H9: =IF(AND(Activities!$A9<>"",IF(Activities!$E9<>"",ISNUMBER(SEARCH(",6,",","&Activities!$E9&",")),AND(Activities!$C9<=6,Activities!$D9>=6))),IF(Activities!$H9="Coaches","🌱 ",IF(Activities!$H9="Coordinators","⚙️ ",IF(Activities!$H9="Both","👥 ","")))&Activities!$B9&CHAR(10)&REPT("●",Activities!$F9),"") | I9: =IF(AND(Activities!$A9<>"",IF(Activities!$E9<>"",ISNUMBER(SEARCH(",7,",","&Activities!$E9&",")),AND(Activities!$C9<=7,Activities!$D9>=7))),IF(Activities!$H9="Coaches","🌱 ",IF(Activities!$H9="Coordinators","⚙️ ",IF(Activities!$H9="Both","👥 ","")))&Activities!$B9&CHAR(10)&REPT("●",Activities!$F9),"") | J9: =IF(AND(Activities!$A9<>"",IF(Activities!$E9<>"",ISNUMBER(SEARCH(",8,",","&Activities!$E9&",")),AND(Activities!$C9<=8,Activities!$D9>=8))),IF(Activities!$H9="Coaches","🌱 ",IF(Activities!$H9="Coordinators","⚙️ ",IF(Activities!$H9="Both","👥 ","")))&Activities!$B9&CHAR(10)&REPT("●",Activities!$F9),"") | K9: =IF(AND(Activities!$A9<>"",IF(Activities!$E9<>"",ISNUMBER(SEARCH(",9,",","&Activities!$E9&",")),AND(Activities!$C9<=9,Activities!$D9>=9))),IF(Activities!$H9="Coaches","🌱 ",IF(Activities!$H9="Coordinators","⚙️ ",IF(Activities!$H9="Both","👥 ","")))&Activities!$B9&CHAR(10)&REPT("●",Activities!$F9),"") | L9: =IF(AND(Activities!$A9<>"",IF(Activities!$E9<>"",ISNUMBER(SEARCH(",10,",","&Activities!$E9&",")),AND(Activities!$C9<=10,Activities!$D9>=10))),IF(Activities!$H9="Coaches","🌱 ",IF(Activities!$H9="Coordinators","⚙️ ",IF(Activities!$H9="Both","👥 ","")))&Activities!$B9&CHAR(10)&REPT("●",Activities!$F9),"") | M9: =IF(AND(Activities!$A9<>"",IF(Activities!$E9<>"",ISNUMBER(SEARCH(",11,",","&Activities!$E9&",")),AND(Activities!$C9<=11,Activities!$D9>=11))),IF(Activities!$H9="Coaches","🌱 ",IF(Activities!$H9="Coordinators","⚙️ ",IF(Activities!$H9="Both","👥 ","")))&Activities!$B9&CHAR(10)&REPT("●",Activities!$F9),"") -> 🌱 PBL/HQIM annual planning, pilot reflection & improvement design ● | N9: =IF(AND(Activities!$A9<>"",IF(Activities!$E9<>"",ISNUMBER(SEARCH(",12,",","&Activities!$E9&",")),AND(Activities!$C9<=12,Activities!$D9>=12))),IF(Activities!$H9="Coaches","🌱 ",IF(Activities!$H9="Coordinators","⚙️ ",IF(Activities!$H9="Both","👥 ","")))&Activities!$B9&CHAR(10)&REPT("●",Activities!$F9),"") -> 🌱 PBL/HQIM annual planning, pilot reflection & improvement design ●
A10: =IF(Activities!$A10<>"",Activities!$A10,"") -> Instructional Design, PBL & Defenses | B10: =IF(Activities!$B10<>"",Activities!$B10,"") -> PBL/HQIM school-site coaching and professional learning | C10: =IF(AND(Activities!$A10<>"",IF(Activities!$E10<>"",ISNUMBER(SEARCH(",1,",","&Activities!$E10&",")),AND(Activities!$C10<=1,Activities!$D10>=1))),IF(Activities!$H10="Coaches","🌱 ",IF(Activities!$H10="Coordinators","⚙️ ",IF(Activities!$H10="Both","👥 ","")))&Activities!$B10&CHAR(10)&REPT("●",Activities!$F10),"") | D10: =IF(AND(Activities!$A10<>"",IF(Activities!$E10<>"",ISNUMBER(SEARCH(",2,",","&Activities!$E10&",")),AND(Activities!$C10<=2,Activities!$D10>=2))),IF(Activities!$H10="Coaches","🌱 ",IF(Activities!$H10="Coordinators","⚙️ ",IF(Activities!$H10="Both","👥 ","")))&Activities!$B10&CHAR(10)&REPT("●",Activities!$F10),"") | E10: =IF(AND(Activities!$A10<>"",IF(Activities!$E10<>"",ISNUMBER(SEARCH(",3,",","&Activities!$E10&",")),AND(Activities!$C10<=3,Activities!$D10>=3))),IF(Activities!$H10="Coaches","🌱 ",IF(Activities!$H10="Coordinators","⚙️ ",IF(Activities!$H10="Both","👥 ","")))&Activities!$B10&CHAR(10)&REPT("●",Activities!$F10),"") -> 🌱 PBL/HQIM school-site coaching and professional learning ●●● | F10: =IF(AND(Activities!$A10<>"",IF(Activities!$E10<>"",ISNUMBER(SEARCH(",4,",","&Activities!$E10&",")),AND(Activities!$C10<=4,Activities!$D10>=4))),IF(Activities!$H10="Coaches","🌱 ",IF(Activities!$H10="Coordinators","⚙️ ",IF(Activities!$H10="Both","👥 ","")))&Activities!$B10&CHAR(10)&REPT("●",Activities!$F10),"") -> 🌱 PBL/HQIM school-site coaching and professional learning ●●● | G10: =IF(AND(Activities!$A10<>"",IF(Activities!$E10<>"",ISNUMBER(SEARCH(",5,",","&Activities!$E10&",")),AND(Activities!$C10<=5,Activities!$D10>=5))),IF(Activities!$H10="Coaches","🌱 ",IF(Activities!$H10="Coordinators","⚙️ ",IF(Activities!$H10="Both","👥 ","")))&Activities!$B10&CHAR(10)&REPT("●",Activities!$F10),"") -> 🌱 PBL/HQIM school-site coaching and professional learning ●●● | H10: =IF(AND(Activities!$A10<>"",IF(Activities!$E10<>"",ISNUMBER(SEARCH(",6,",","&Activities!$E10&",")),AND(Activities!$C10<=6,Activities!$D10>=6))),IF(Activities!$H10="Coaches","🌱 ",IF(Activities!$H10="Coordinators","⚙️ ",IF(Activities!$H10="Both","👥 ","")))&Activities!$B10&CHAR(10)&REPT("●",Activities!$F10),"") -> 🌱 PBL/HQIM school-site coaching and professional learning ●●● | I10: =IF(AND(Activities!$A10<>"",IF(Activities!$E10<>"",ISNUMBER(SEARCH(",7,",","&Activities!$E10&",")),AND(Activities!$C10<=7,Activities!$D10>=7))),IF(Activities!$H10="Coaches","🌱 ",IF(Activities!$H10="Coordinators","⚙️ ",IF(Activities!$H10="Both","👥 ","")))&Activities!$B10&CHAR(10)&REPT("●",Activities!$F10),"") -> 🌱 PBL/HQIM school-site coaching and professional learning ●●● | J10: =IF(AND(Activities!$A10<>"",IF(Activities!$E10<>"",ISNUMBER(SEARCH(",8,",","&Activities!$E10&",")),AND(Activities!$C10<=8,Activities!$D10>=8))),IF(Activities!$H10="Coaches","🌱 ",IF(Activities!$H10="Coordinators","⚙️ ",IF(Activities!$H10="Both","👥 ","")))&Activities!$B10&CHAR(10)&REPT("●",Activities!$F10),"") -> 🌱 PBL/HQIM school-site coaching and professional learning ●●● | K10: =IF(AND(Activities!$A10<>"",IF(Activities!$E10<>"",ISNUMBER(SEARCH(",9,",","&Activities!$E10&",")),AND(Activities!$C10<=9,Activities!$D10>=9))),IF(Activities!$H10="Coaches","🌱 ",IF(Activities!$H10="Coordinators","⚙️ ",IF(Activities!$H10="Both","👥 ","")))&Activities!$B10&CHAR(10)&REPT("●",Activities!$F10),"") -> 🌱 PBL/HQIM school-site coaching and professional learning ●●● | L10: =IF(AND(Activities!$A10<>"",IF(Activities!$E10<>"",ISNUMBER(SEARCH(",10,",","&Activities!$E10&",")),AND(Activities!$C10<=10,Activities!$D10>=10))),IF(Activities!$H10="Coaches","🌱 ",IF(Activities!$H10="Coordinators","⚙️ ",IF(Activities!$H10="Both","👥 ","")))&Activities!$B10&CHAR(10)&REPT("●",Activities!$F10),"") | M10: =IF(AND(Activities!$A10<>"",IF(Activities!$E10<>"",ISNUMBER(SEARCH(",11,",","&Activities!$E10&",")),AND(Activities!$C10<=11,Activities!$D10>=11))),IF(Activities!$H10="Coaches","🌱 ",IF(Activities!$H10="Coordinators","⚙️ ",IF(Activities!$H10="Both","👥 ","")))&Activities!$B10&CHAR(10)&REPT("●",Activities!$F10),"") | N10: =IF(AND(Activities!$A10<>"",IF(Activities!$E10<>"",ISNUMBER(SEARCH(",12,",","&Activities!$E10&",")),AND(Activities!$C10<=12,Activities!$D10>=12))),IF(Activities!$H10="Coaches","🌱 ",IF(Activities!$H10="Coordinators","⚙️ ",IF(Activities!$H10="Both","👥 ","")))&Activities!$B10&CHAR(10)&REPT("●",Activities!$F10),"")
A11: =IF(Activities!$A11<>"",Activities!$A11,"") -> Instructional Design, PBL & Defenses | B11: =IF(Activities!$B11<>"",Activities!$B11,"") -> Linked Learning onboarding / August PBL professional learning | C11: =IF(AND(Activities!$A11<>"",IF(Activities!$E11<>"",ISNUMBER(SEARCH(",1,",","&Activities!$E11&",")),AND(Activities!$C11<=1,Activities!$D11>=1))),IF(Activities!$H11="Coaches","🌱 ",IF(Activities!$H11="Coordinators","⚙️ ",IF(Activities!$H11="Both","👥 ","")))&Activities!$B11&CHAR(10)&REPT("●",Activities!$F11),"") | D11: =IF(AND(Activities!$A11<>"",IF(Activities!$E11<>"",ISNUMBER(SEARCH(",2,",","&Activities!$E11&",")),AND(Activities!$C11<=2,Activities!$D11>=2))),IF(Activities!$H11="Coaches","🌱 ",IF(Activities!$H11="Coordinators","⚙️ ",IF(Activities!$H11="Both","👥 ","")))&Activities!$B11&CHAR(10)&REPT("●",Activities!$F11),"") -> 🌱 Linked Learning onboarding / August PBL professional learning ●● | E11: =IF(AND(Activities!$A11<>"",IF(Activities!$E11<>"",ISNUMBER(SEARCH(",3,",","&Activities!$E11&",")),AND(Activities!$C11<=3,Activities!$D11>=3))),IF(Activities!$H11="Coaches","🌱 ",IF(Activities!$H11="Coordinators","⚙️ ",IF(Activities!$H11="Both","👥 ","")))&Activities!$B11&CHAR(10)&REPT("●",Activities!$F11),"") | F11: =IF(AND(Activities!$A11<>"",IF(Activities!$E11<>"",ISNUMBER(SEARCH(",4,",","&Activities!$E11&",")),AND(Activities!$C11<=4,Activities!$D11>=4))),IF(Activities!$H11="Coaches","🌱 ",IF(Activities!$H11="Coordinators","⚙️ ",IF(Activities!$H11="Both","👥 ","")))&Activities!$B11&CHAR(10)&REPT("●",Activities!$F11),"") | G11: =IF(AND(Activities!$A11<>"",IF(Activities!$E11<>"",ISNUMBER(SEARCH(",5,",","&Activities!$E11&",")),AND(Activities!$C11<=5,Activities!$D11>=5))),IF(Activities!$H11="Coaches","🌱 ",IF(Activities!$H11="Coordinators","⚙️ ",IF(Activities!$H11="Both","👥 ","")))&Activities!$B11&CHAR(10)&REPT("●",Activities!$F11),"") | H11: =IF(AND(Activities!$A11<>"",IF(Activities!$E11<>"",ISNUMBER(SEARCH(",6,",","&Activities!$E11&",")),AND(Activities!$C11<=6,Activities!$D11>=6))),IF(Activities!$H11="Coaches","🌱 ",IF(Activities!$H11="Coordinators","⚙️ ",IF(Activities!$H11="Both","👥 ","")))&Activities!$B11&CHAR(10)&REPT("●",Activities!$F11),"") | I11: =IF(AND(Activities!$A11<>"",IF(Activities!$E11<>"",ISNUMBER(SEARCH(",7,",","&Activities!$E11&",")),AND(Activities!$C11<=7,Activities!$D11>=7))),IF(Activities!$H11="Coaches","🌱 ",IF(Activities!$H11="Coordinators","⚙️ ",IF(Activities!$H11="Both","👥 ","")))&Activities!$B11&CHAR(10)&REPT("●",Activities!$F11),"") | J11: =IF(AND(Activities!$A11<>"",IF(Activities!$E11<>"",ISNUMBER(SEARCH(",8,",","&Activities!$E11&",")),AND(Activities!$C11<=8,Activities!$D11>=8))),IF(Activities!$H11="Coaches","🌱 ",IF(Activities!$H11="Coordinators","⚙️ ",IF(Activities!$H11="Both","👥 ","")))&Activities!$B11&CHAR(10)&REPT("●",Activities!$F11),"") | K11: =IF(AND(Activities!$A11<>"",IF(Activities!$E11<>"",ISNUMBER(SEARCH(",9,",","&Activities!$E11&",")),AND(Activities!$C11<=9,Activities!$D11>=9))),IF(Activities!$H11="Coaches","🌱 ",IF(Activities!$H11="Coordinators","⚙️ ",IF(Activities!$H11="Both","👥 ","")))&Activities!$B11&CHAR(10)&REPT("●",Activities!$F11),"") | L11: =IF(AND(Activities!$A11<>"",IF(Activities!$E11<>"",ISNUMBER(SEARCH(",10,",","&Activities!$E11&",")),AND(Activities!$C11<=10,Activities!$D11>=10))),IF(Activities!$H11="Coaches","🌱 ",IF(Activities!$H11="Coordinators","⚙️ ",IF(Activities!$H11="Both","👥 ","")))&Activities!$B11&CHAR(10)&REPT("●",Activities!$F11),"") | M11: =IF(AND(Activities!$A11<>"",IF(Activities!$E11<>"",ISNUMBER(SEARCH(",11,",","&Activities!$E11&",")),AND(Activities!$C11<=11,Activities!$D11>=11))),IF(Activities!$H11="Coaches","🌱 ",IF(Activities!$H11="Coordinators","⚙️ ",IF(Activities!$H11="Both","👥 ","")))&Activities!$B11&CHAR(10)&REPT("●",Activities!$F11),"") | N11: =IF(AND(Activities!$A11<>"",IF(Activities!$E11<>"",ISNUMBER(SEARCH(",12,",","&Activities!$E11&",")),AND(Activities!$C11<=12,Activities!$D11>=12))),IF(Activities!$H11="Coaches","🌱 ",IF(Activities!$H11="Coordinators","⚙️ ",IF(Activities!$H11="Both","👥 ","")))&Activities!$B11&CHAR(10)&REPT("●",Activities!$F11),"")
A12: =IF(Activities!$A12<>"",Activities!$A12,"") -> Instructional Design, PBL & Defenses | B12: =IF(Activities!$B12<>"",Activities!$B12,"") -> PBL 101 / fall instructional training | C12: =IF(AND(Activities!$A12<>"",IF(Activities!$E12<>"",ISNUMBER(SEARCH(",1,",","&Activities!$E12&",")),AND(Activities!$C12<=1,Activities!$D12>=1))),IF(Activities!$H12="Coaches","🌱 ",IF(Activities!$H12="Coordinators","⚙️ ",IF(Activities!$H12="Both","👥 ","")))&Activities!$B12&CHAR(10)&REPT("●",Activities!$F12),"") | D12: =IF(AND(Activities!$A12<>"",IF(Activities!$E12<>"",ISNUMBER(SEARCH(",2,",","&Activities!$E12&",")),AND(Activities!$C12<=2,Activities!$D12>=2))),IF(Activities!$H12="Coaches","🌱 ",IF(Activities!$H12="Coordinators","⚙️ ",IF(Activities!$H12="Both","👥 ","")))&Activities!$B12&CHAR(10)&REPT("●",Activities!$F12),"") | E12: =IF(AND(Activities!$A12<>"",IF(Activities!$E12<>"",ISNUMBER(SEARCH(",3,",","&Activities!$E12&",")),AND(Activities!$C12<=3,Activities!$D12>=3))),IF(Activities!$H12="Coaches","🌱 ",IF(Activities!$H12="Coordinators","⚙️ ",IF(Activities!$H12="Both","👥 ","")))&Activities!$B12&CHAR(10)&REPT("●",Activities!$F12),"") | F12: =IF(AND(Activities!$A12<>"",IF(Activities!$E12<>"",ISNUMBER(SEARCH(",4,",","&Activities!$E12&",")),AND(Activities!$C12<=4,Activities!$D12>=4))),IF(Activities!$H12="Coaches","🌱 ",IF(Activities!$H12="Coordinators","⚙️ ",IF(Activities!$H12="Both","👥 ","")))&Activities!$B12&CHAR(10)&REPT("●",Activities!$F12),"") -> 🌱 PBL 101 / fall instructional training ●●● | G12: =IF(AND(Activities!$A12<>"",IF(Activities!$E12<>"",ISNUMBER(SEARCH(",5,",","&Activities!$E12&",")),AND(Activities!$C12<=5,Activities!$D12>=5))),IF(Activities!$H12="Coaches","🌱 ",IF(Activities!$H12="Coordinators","⚙️ ",IF(Activities!$H12="Both","👥 ","")))&Activities!$B12&CHAR(10)&REPT("●",Activities!$F12),"") | H12: =IF(AND(Activities!$A12<>"",IF(Activities!$E12<>"",ISNUMBER(SEARCH(",6,",","&Activities!$E12&",")),AND(Activities!$C12<=6,Activities!$D12>=6))),IF(Activities!$H12="Coaches","🌱 ",IF(Activities!$H12="Coordinators","⚙️ ",IF(Activities!$H12="Both","👥 ","")))&Activities!$B12&CHAR(10)&REPT("●",Activities!$F12),"") | I12: =IF(AND(Activities!$A12<>"",IF(Activities!$E12<>"",ISNUMBER(SEARCH(",7,",","&Activities!$E12&",")),AND(Activities!$C12<=7,Activities!$D12>=7))),IF(Activities!$H12="Coaches","🌱 ",IF(Activities!$H12="Coordinators","⚙️ ",IF(Activities!$H12="Both","👥 ","")))&Activities!$B12&CHAR(10)&REPT("●",Activities!$F12),"") | J12: =IF(AND(Activities!$A12<>"",IF(Activities!$E12<>"",ISNUMBER(SEARCH(",8,",","&Activities!$E12&",")),AND(Activities!$C12<=8,Activities!$D12>=8))),IF(Activities!$H12="Coaches","🌱 ",IF(Activities!$H12="Coordinators","⚙️ ",IF(Activities!$H12="Both","👥 ","")))&Activities!$B12&CHAR(10)&REPT("●",Activities!$F12),"") | K12: =IF(AND(Activities!$A12<>"",IF(Activities!$E12<>"",ISNUMBER(SEARCH(",9,",","&Activities!$E12&",")),AND(Activities!$C12<=9,Activities!$D12>=9))),IF(Activities!$H12="Coaches","🌱 ",IF(Activities!$H12="Coordinators","⚙️ ",IF(Activities!$H12="Both","👥 ","")))&Activities!$B12&CHAR(10)&REPT("●",Activities!$F12),"") | L12: =IF(AND(Activities!$A12<>"",IF(Activities!$E12<>"",ISNUMBER(SEARCH(",10,",","&Activities!$E12&",")),AND(Activities!$C12<=10,Activities!$D12>=10))),IF(Activities!$H12="Coaches","🌱 ",IF(Activities!$H12="Coordinators","⚙️ ",IF(Activities!$H12="Both","👥 ","")))&Activities!$B12&CHAR(10)&REPT("●",Activities!$F12),"") | M12: =IF(AND(Activities!$A12<>"",IF(Activities!$E12<>"",ISNUMBER(SEARCH(",11,",","&Activities!$E12&",")),AND(Activities!$C12<=11,Activities!$D12>=11))),IF(Activities!$H12="Coaches","🌱 ",IF(Activities!$H12="Coordinators","⚙️ ",IF(Activities!$H12="Both","👥 ","")))&Activities!$B12&CHAR(10)&REPT("●",Activities!$F12),"") | N12: =IF(AND(Activities!$A12<>"",IF(Activities!$E12<>"",ISNUMBER(SEARCH(",12,",","&Activities!$E12&",")),AND(Activities!$C12<=12,Activities!$D12>=12))),IF(Activities!$H12="Coaches","🌱 ",IF(Activities!$H12="Coordinators","⚙️ ",IF(Activities!$H12="Both","👥 ","")))&Activities!$B12&CHAR(10)&REPT("●",Activities!$F12),"")
A13: =IF(Activities!$A13<>"",Activities!$A13,"") -> Instructional Design, PBL & Defenses | B13: =IF(Activities!$B13<>"",Activities!$B13,"") -> Defense calibration, support, feedback & reflection | C13: =IF(AND(Activities!$A13<>"",IF(Activities!$E13<>"",ISNUMBER(SEARCH(",1,",","&Activities!$E13&",")),AND(Activities!$C13<=1,Activities!$D13>=1))),IF(Activities!$H13="Coaches","🌱 ",IF(Activities!$H13="Coordinators","⚙️ ",IF(Activities!$H13="Both","👥 ","")))&Activities!$B13&CHAR(10)&REPT("●",Activities!$F13),"") | D13: =IF(AND(Activities!$A13<>"",IF(Activities!$E13<>"",ISNUMBER(SEARCH(",2,",","&Activities!$E13&",")),AND(Activities!$C13<=2,Activities!$D13>=2))),IF(Activities!$H13="Coaches","🌱 ",IF(Activities!$H13="Coordinators","⚙️ ",IF(Activities!$H13="Both","👥 ","")))&Activities!$B13&CHAR(10)&REPT("●",Activities!$F13),"") | E13: =IF(AND(Activities!$A13<>"",IF(Activities!$E13<>"",ISNUMBER(SEARCH(",3,",","&Activities!$E13&",")),AND(Activities!$C13<=3,Activities!$D13>=3))),IF(Activities!$H13="Coaches","🌱 ",IF(Activities!$H13="Coordinators","⚙️ ",IF(Activities!$H13="Both","👥 ","")))&Activities!$B13&CHAR(10)&REPT("●",Activities!$F13),"") | F13: =IF(AND(Activities!$A13<>"",IF(Activities!$E13<>"",ISNUMBER(SEARCH(",4,",","&Activities!$E13&",")),AND(Activities!$C13<=4,Activities!$D13>=4))),IF(Activities!$H13="Coaches","🌱 ",IF(Activities!$H13="Coordinators","⚙️ ",IF(Activities!$H13="Both","👥 ","")))&Activities!$B13&CHAR(10)&REPT("●",Activities!$F13),"") | G13: =IF(AND(Activities!$A13<>"",IF(Activities!$E13<>"",ISNUMBER(SEARCH(",5,",","&Activities!$E13&",")),AND(Activities!$C13<=5,Activities!$D13>=5))),IF(Activities!$H13="Coaches","🌱 ",IF(Activities!$H13="Coordinators","⚙️ ",IF(Activities!$H13="Both","👥 ","")))&Activities!$B13&CHAR(10)&REPT("●",Activities!$F13),"") | H13: =IF(AND(Activities!$A13<>"",IF(Activities!$E13<>"",ISNUMBER(SEARCH(",6,",","&Activities!$E13&",")),AND(Activities!$C13<=6,Activities!$D13>=6))),IF(Activities!$H13="Coaches","🌱 ",IF(Activities!$H13="Coordinators","⚙️ ",IF(Activities!$H13="Both","👥 ","")))&Activities!$B13&CHAR(10)&REPT("●",Activities!$F13),"") | I13: =IF(AND(Activities!$A13<>"",IF(Activities!$E13<>"",ISNUMBER(SEARCH(",7,",","&Activities!$E13&",")),AND(Activities!$C13<=7,Activities!$D13>=7))),IF(Activities!$H13="Coaches","🌱 ",IF(Activities!$H13="Coordinators","⚙️ ",IF(Activities!$H13="Both","👥 ","")))&Activities!$B13&CHAR(10)&REPT("●",Activities!$F13),"") -> 🌱 Defense calibration, support, feedback & reflection ●● | J13: =IF(AND(Activities!$A13<>"",IF(Activities!$E13<>"",ISNUMBER(SEARCH(",8,",","&Activities!$E13&",")),AND(Activities!$C13<=8,Activities!$D13>=8))),IF(Activities!$H13="Coaches","🌱 ",IF(Activities!$H13="Coordinators","⚙️ ",IF(Activities!$H13="Both","👥 ","")))&Activities!$B13&CHAR(10)&REPT("●",Activities!$F13),"") -> 🌱 Defense calibration, support, feedback & reflection ●● | K13: =IF(AND(Activities!$A13<>"",IF(Activities!$E13<>"",ISNUMBER(SEARCH(",9,",","&Activities!$E13&",")),AND(Activities!$C13<=9,Activities!$D13>=9))),IF(Activities!$H13="Coaches","🌱 ",IF(Activities!$H13="Coordinators","⚙️ ",IF(Activities!$H13="Both","👥 ","")))&Activities!$B13&CHAR(10)&REPT("●",Activities!$F13),"") -> 🌱 Defense calibration, support, feedback & reflection ●● | L13: =IF(AND(Activities!$A13<>"",IF(Activities!$E13<>"",ISNUMBER(SEARCH(",10,",","&Activities!$E13&",")),AND(Activities!$C13<=10,Activities!$D13>=10))),IF(Activities!$H13="Coaches","🌱 ",IF(Activities!$H13="Coordinators","⚙️ ",IF(Activities!$H13="Both","👥 ","")))&Activities!$B13&CHAR(10)&REPT("●",Activities!$F13),"") | M13: =IF(AND(Activities!$A13<>"",IF(Activities!$E13<>"",ISNUMBER(SEARCH(",11,",","&Activities!$E13&",")),AND(Activities!$C13<=11,Activities!$D13>=11))),IF(Activities!$H13="Coaches","🌱 ",IF(Activities!$H13="Coordinators","⚙️ ",IF(Activities!$H13="Both","👥 ","")))&Activities!$B13&CHAR(10)&REPT("●",Activities!$F13),"") -> 🌱 Defense calibration, support, feedback & reflection ●● | N13: =IF(AND(Activities!$A13<>"",IF(Activities!$E13<>"",ISNUMBER(SEARCH(",12,",","&Activities!$E13&",")),AND(Activities!$C13<=12,Activities!$D13>=12))),IF(Activities!$H13="Coaches","🌱 ",IF(Activities!$H13="Coordinators","⚙️ ",IF(Activities!$H13="Both","👥 ","")))&Activities!$B13&CHAR(10)&REPT("●",Activities!$F13),"")
A14: =IF(Activities!$A14<>"",Activities!$A14,"") -> Pathway Strategy, Data & Certification | B14: =IF(Activities!$B14<>"",Activities!$B14,"") -> Administrator goal-setting, priorities & annual data review | C14: =IF(AND(Activities!$A14<>"",IF(Activities!$E14<>"",ISNUMBER(SEARCH(",1,",","&Activities!$E14&",")),AND(Activities!$C14<=1,Activities!$D14>=1))),IF(Activities!$H14="Coaches","🌱 ",IF(Activities!$H14="Coordinators","⚙️ ",IF(Activities!$H14="Both","👥 ","")))&Activities!$B14&CHAR(10)&REPT("●",Activities!$F14),"") -> 👥 Administrator goal-setting, priorities & annual data review ●● | D14: =IF(AND(Activities!$A14<>"",IF(Activities!$E14<>"",ISNUMBER(SEARCH(",2,",","&Activities!$E14&",")),AND(Activities!$C14<=2,Activities!$D14>=2))),IF(Activities!$H14="Coaches","🌱 ",IF(Activities!$H14="Coordinators","⚙️ ",IF(Activities!$H14="Both","👥 ","")))&Activities!$B14&CHAR(10)&REPT("●",Activities!$F14),"") -> 👥 Administrator goal-setting, priorities & annual data review ●● | E14: =IF(AND(Activities!$A14<>"",IF(Activities!$E14<>"",ISNUMBER(SEARCH(",3,",","&Activities!$E14&",")),AND(Activities!$C14<=3,Activities!$D14>=3))),IF(Activities!$H14="Coaches","🌱 ",IF(Activities!$H14="Coordinators","⚙️ ",IF(Activities!$H14="Both","👥 ","")))&Activities!$B14&CHAR(10)&REPT("●",Activities!$F14),"") | F14: =IF(AND(Activities!$A14<>"",IF(Activities!$E14<>"",ISNUMBER(SEARCH(",4,",","&Activities!$E14&",")),AND(Activities!$C14<=4,Activities!$D14>=4))),IF(Activities!$H14="Coaches","🌱 ",IF(Activities!$H14="Coordinators","⚙️ ",IF(Activities!$H14="Both","👥 ","")))&Activities!$B14&CHAR(10)&REPT("●",Activities!$F14),"") | G14: =IF(AND(Activities!$A14<>"",IF(Activities!$E14<>"",ISNUMBER(SEARCH(",5,",","&Activities!$E14&",")),AND(Activities!$C14<=5,Activities!$D14>=5))),IF(Activities!$H14="Coaches","🌱 ",IF(Activities!$H14="Coordinators","⚙️ ",IF(Activities!$H14="Both","👥 ","")))&Activities!$B14&CHAR(10)&REPT("●",Activities!$F14),"") | H14: =IF(AND(Activities!$A14<>"",IF(Activities!$E14<>"",ISNUMBER(SEARCH(",6,",","&Activities!$E14&",")),AND(Activities!$C14<=6,Activities!$D14>=6))),IF(Activities!$H14="Coaches","🌱 ",IF(Activities!$H14="Coordinators","⚙️ ",IF(Activities!$H14="Both","👥 ","")))&Activities!$B14&CHAR(10)&REPT("●",Activities!$F14),"") | I14: =IF(AND(Activities!$A14<>"",IF(Activities!$E14<>"",ISNUMBER(SEARCH(",7,",","&Activities!$E14&",")),AND(Activities!$C14<=7,Activities!$D14>=7))),IF(Activities!$H14="Coaches","🌱 ",IF(Activities!$H14="Coordinators","⚙️ ",IF(Activities!$H14="Both","👥 ","")))&Activities!$B14&CHAR(10)&REPT("●",Activities!$F14),"") | J14: =IF(AND(Activities!$A14<>"",IF(Activities!$E14<>"",ISNUMBER(SEARCH(",8,",","&Activities!$E14&",")),AND(Activities!$C14<=8,Activities!$D14>=8))),IF(Activities!$H14="Coaches","🌱 ",IF(Activities!$H14="Coordinators","⚙️ ",IF(Activities!$H14="Both","👥 ","")))&Activities!$B14&CHAR(10)&REPT("●",Activities!$F14),"") | K14: =IF(AND(Activities!$A14<>"",IF(Activities!$E14<>"",ISNUMBER(SEARCH(",9,",","&Activities!$E14&",")),AND(Activities!$C14<=9,Activities!$D14>=9))),IF(Activities!$H14="Coaches","🌱 ",IF(Activities!$H14="Coordinators","⚙️ ",IF(Activities!$H14="Both","👥 ","")))&Activities!$B14&CHAR(10)&REPT("●",Activities!$F14),"") | L14: =IF(AND(Activities!$A14<>"",IF(Activities!$E14<>"",ISNUMBER(SEARCH(",10,",","&Activities!$E14&",")),AND(Activities!$C14<=10,Activities!$D14>=10))),IF(Activities!$H14="Coaches","🌱 ",IF(Activities!$H14="Coordinators","⚙️ ",IF(Activities!$H14="Both","👥 ","")))&Activities!$B14&CHAR(10)&REPT("●",Activities!$F14),"") | M14: =IF(AND(Activities!$A14<>"",IF(Activities!$E14<>"",ISNUMBER(SEARCH(",11,",","&Activities!$E14&",")),AND(Activities!$C14<=11,Activities!$D14>=11))),IF(Activities!$H14="Coaches","🌱 ",IF(Activities!$H14="Coordinators","⚙️ ",IF(Activities!$H14="Both","👥 ","")))&Activities!$B14&CHAR(10)&REPT("●",Activities!$F14),"") | N14: =IF(AND(Activities!$A14<>"",IF(Activities!$E14<>"",ISNUMBER(SEARCH(",12,",","&Activities!$E14&",")),AND(Activities!$C14<=12,Activities!$D14>=12))),IF(Activities!$H14="Coaches","🌱 ",IF(Activities!$H14="Coordinators","⚙️ ",IF(Activities!$H14="Both","👥 ","")))&Activities!$B14&CHAR(10)&REPT("●",Activities!$F14),"") -> 👥 Administrator goal-setting, priorities & annual data review ●●
A15: =IF(Activities!$A15<>"",Activities!$A15,"") -> Pathway Strategy, Data & Certification | B15: =IF(Activities!$B15<>"",Activities!$B15,"") -> School goal progress checks and targeted support planning | C15: =IF(AND(Activities!$A15<>"",IF(Activities!$E15<>"",ISNUMBER(SEARCH(",1,",","&Activities!$E15&",")),AND(Activities!$C15<=1,Activities!$D15>=1))),IF(Activities!$H15="Coaches","🌱 ",IF(Activities!$H15="Coordinators","⚙️ ",IF(Activities!$H15="Both","👥 ","")))&Activities!$B15&CHAR(10)&REPT("●",Activities!$F15),"") | D15: =IF(AND(Activities!$A15<>"",IF(Activities!$E15<>"",ISNUMBER(SEARCH(",2,",","&Activities!$E15&",")),AND(Activities!$C15<=2,Activities!$D15>=2))),IF(Activities!$H15="Coaches","🌱 ",IF(Activities!$H15="Coordinators","⚙️ ",IF(Activities!$H15="Both","👥 ","")))&Activities!$B15&CHAR(10)&REPT("●",Activities!$F15),"") | E15: =IF(AND(Activities!$A15<>"",IF(Activities!$E15<>"",ISNUMBER(SEARCH(",3,",","&Activities!$E15&",")),AND(Activities!$C15<=3,Activities!$D15>=3))),IF(Activities!$H15="Coaches","🌱 ",IF(Activities!$H15="Coordinators","⚙️ ",IF(Activities!$H15="Both","👥 ","")))&Activities!$B15&CHAR(10)&REPT("●",Activities!$F15),"") | F15: =IF(AND(Activities!$A15<>"",IF(Activities!$E15<>"",ISNUMBER(SEARCH(",4,",","&Activities!$E15&",")),AND(Activities!$C15<=4,Activities!$D15>=4))),IF(Activities!$H15="Coaches","🌱 ",IF(Activities!$H15="Coordinators","⚙️ ",IF(Activities!$H15="Both","👥 ","")))&Activities!$B15&CHAR(10)&REPT("●",Activities!$F15),"") -> 👥 School goal progress checks and targeted support planning ●● | G15: =IF(AND(Activities!$A15<>"",IF(Activities!$E15<>"",ISNUMBER(SEARCH(",5,",","&Activities!$E15&",")),AND(Activities!$C15<=5,Activities!$D15>=5))),IF(Activities!$H15="Coaches","🌱 ",IF(Activities!$H15="Coordinators","⚙️ ",IF(Activities!$H15="Both","👥 ","")))&Activities!$B15&CHAR(10)&REPT("●",Activities!$F15),"") -> 👥 School goal progress checks and targeted support planning ●● | H15: =IF(AND(Activities!$A15<>"",IF(Activities!$E15<>"",ISNUMBER(SEARCH(",6,",","&Activities!$E15&",")),AND(Activities!$C15<=6,Activities!$D15>=6))),IF(Activities!$H15="Coaches","🌱 ",IF(Activities!$H15="Coordinators","⚙️ ",IF(Activities!$H15="Both","👥 ","")))&Activities!$B15&CHAR(10)&REPT("●",Activities!$F15),"") | I15: =IF(AND(Activities!$A15<>"",IF(Activities!$E15<>"",ISNUMBER(SEARCH(",7,",","&Activities!$E15&",")),AND(Activities!$C15<=7,Activities!$D15>=7))),IF(Activities!$H15="Coaches","🌱 ",IF(Activities!$H15="Coordinators","⚙️ ",IF(Activities!$H15="Both","👥 ","")))&Activities!$B15&CHAR(10)&REPT("●",Activities!$F15),"") | J15: =IF(AND(Activities!$A15<>"",IF(Activities!$E15<>"",ISNUMBER(SEARCH(",8,",","&Activities!$E15&",")),AND(Activities!$C15<=8,Activities!$D15>=8))),IF(Activities!$H15="Coaches","🌱 ",IF(Activities!$H15="Coordinators","⚙️ ",IF(Activities!$H15="Both","👥 ","")))&Activities!$B15&CHAR(10)&REPT("●",Activities!$F15),"") | K15: =IF(AND(Activities!$A15<>"",IF(Activities!$E15<>"",ISNUMBER(SEARCH(",9,",","&Activities!$E15&",")),AND(Activities!$C15<=9,Activities!$D15>=9))),IF(Activities!$H15="Coaches","🌱 ",IF(Activities!$H15="Coordinators","⚙️ ",IF(Activities!$H15="Both","👥 ","")))&Activities!$B15&CHAR(10)&REPT("●",Activities!$F15),"") | L15: =IF(AND(Activities!$A15<>"",IF(Activities!$E15<>"",ISNUMBER(SEARCH(",10,",","&Activities!$E15&",")),AND(Activities!$C15<=10,Activities!$D15>=10))),IF(Activities!$H15="Coaches","🌱 ",IF(Activities!$H15="Coordinators","⚙️ ",IF(Activities!$H15="Both","👥 ","")))&Activities!$B15&CHAR(10)&REPT("●",Activities!$F15),"") | M15: =IF(AND(Activities!$A15<>"",IF(Activities!$E15<>"",ISNUMBER(SEARCH(",11,",","&Activities!$E15&",")),AND(Activities!$C15<=11,Activities!$D15>=11))),IF(Activities!$H15="Coaches","🌱 ",IF(Activities!$H15="Coordinators","⚙️ ",IF(Activities!$H15="Both","👥 ","")))&Activities!$B15&CHAR(10)&REPT("●",Activities!$F15),"") -> 👥 School goal progress checks and targeted support planning ●● | N15: =IF(AND(Activities!$A15<>"",IF(Activities!$E15<>"",ISNUMBER(SEARCH(",12,",","&Activities!$E15&",")),AND(Activities!$C15<=12,Activities!$D15>=12))),IF(Activities!$H15="Coaches","🌱 ",IF(Activities!$H15="Coordinators","⚙️ ",IF(Activities!$H15="Both","👥 ","")))&Activities!$B15&CHAR(10)&REPT("●",Activities!$F15),"")
A16: =IF(Activities!$A16<>"",Activities!$A16,"") -> Pathway Strategy, Data & Certification | B16: =IF(Activities!$B16<>"",Activities!$B16,"") -> Linked Learning certification planning & school support | C16: =IF(AND(Activities!$A16<>"",IF(Activities!$E16<>"",ISNUMBER(SEARCH(",1,",","&Activities!$E16&",")),AND(Activities!$C16<=1,Activities!$D16>=1))),IF(Activities!$H16="Coaches","🌱 ",IF(Activities!$H16="Coordinators","⚙️ ",IF(Activities!$H16="Both","👥 ","")))&Activities!$B16&CHAR(10)&REPT("●",Activities!$F16),"") | D16: =IF(AND(Activities!$A16<>"",IF(Activities!$E16<>"",ISNUMBER(SEARCH(",2,",","&Activities!$E16&",")),AND(Activities!$C16<=2,Activities!$D16>=2))),IF(Activities!$H16="Coaches","🌱 ",IF(Activities!$H16="Coordinators","⚙️ ",IF(Activities!$H16="Both","👥 ","")))&Activities!$B16&CHAR(10)&REPT("●",Activities!$F16),"") -> 👥 Linked Learning certification planning & school support ●● | E16: =IF(AND(Activities!$A16<>"",IF(Activities!$E16<>"",ISNUMBER(SEARCH(",3,",","&Activities!$E16&",")),AND(Activities!$C16<=3,Activities!$D16>=3))),IF(Activities!$H16="Coaches","🌱 ",IF(Activities!$H16="Coordinators","⚙️ ",IF(Activities!$H16="Both","👥 ","")))&Activities!$B16&CHAR(10)&REPT("●",Activities!$F16),"") -> 👥 Linked Learning certification planning & school support ●● | F16: =IF(AND(Activities!$A16<>"",IF(Activities!$E16<>"",ISNUMBER(SEARCH(",4,",","&Activities!$E16&",")),AND(Activities!$C16<=4,Activities!$D16>=4))),IF(Activities!$H16="Coaches","🌱 ",IF(Activities!$H16="Coordinators","⚙️ ",IF(Activities!$H16="Both","👥 ","")))&Activities!$B16&CHAR(10)&REPT("●",Activities!$F16),"") -> 👥 Linked Learning certification planning & school support ●● | G16: =IF(AND(Activities!$A16<>"",IF(Activities!$E16<>"",ISNUMBER(SEARCH(",5,",","&Activities!$E16&",")),AND(Activities!$C16<=5,Activities!$D16>=5))),IF(Activities!$H16="Coaches","🌱 ",IF(Activities!$H16="Coordinators","⚙️ ",IF(Activities!$H16="Both","👥 ","")))&Activities!$B16&CHAR(10)&REPT("●",Activities!$F16),"") -> 👥 Linked Learning certification planning & school support ●● | H16: =IF(AND(Activities!$A16<>"",IF(Activities!$E16<>"",ISNUMBER(SEARCH(",6,",","&Activities!$E16&",")),AND(Activities!$C16<=6,Activities!$D16>=6))),IF(Activities!$H16="Coaches","🌱 ",IF(Activities!$H16="Coordinators","⚙️ ",IF(Activities!$H16="Both","👥 ","")))&Activities!$B16&CHAR(10)&REPT("●",Activities!$F16),"") -> 👥 Linked Learning certification planning & school support ●● | I16: =IF(AND(Activities!$A16<>"",IF(Activities!$E16<>"",ISNUMBER(SEARCH(",7,",","&Activities!$E16&",")),AND(Activities!$C16<=7,Activities!$D16>=7))),IF(Activities!$H16="Coaches","🌱 ",IF(Activities!$H16="Coordinators","⚙️ ",IF(Activities!$H16="Both","👥 ","")))&Activities!$B16&CHAR(10)&REPT("●",Activities!$F16),"") -> 👥 Linked Learning certification planning & school support ●● | J16: =IF(AND(Activities!$A16<>"",IF(Activities!$E16<>"",ISNUMBER(SEARCH(",8,",","&Activities!$E16&",")),AND(Activities!$C16<=8,Activities!$D16>=8))),IF(Activities!$H16="Coaches","🌱 ",IF(Activities!$H16="Coordinators","⚙️ ",IF(Activities!$H16="Both","👥 ","")))&Activities!$B16&CHAR(10)&REPT("●",Activities!$F16),"") -> 👥 Linked Learning certification planning & school support ●● | K16: =IF(AND(Activities!$A16<>"",IF(Activities!$E16<>"",ISNUMBER(SEARCH(",9,",","&Activities!$E16&",")),AND(Activities!$C16<=9,Activities!$D16>=9))),IF(Activities!$H16="Coaches","🌱 ",IF(Activities!$H16="Coordinators","⚙️ ",IF(Activities!$H16="Both","👥 ","")))&Activities!$B16&CHAR(10)&REPT("●",Activities!$F16),"") -> 👥 Linked Learning certification planning & school support ●● | L16: =IF(AND(Activities!$A16<>"",IF(Activities!$E16<>"",ISNUMBER(SEARCH(",10,",","&Activities!$E16&",")),AND(Activities!$C16<=10,Activities!$D16>=10))),IF(Activities!$H16="Coaches","🌱 ",IF(Activities!$H16="Coordinators","⚙️ ",IF(Activities!$H16="Both","👥 ","")))&Activities!$B16&CHAR(10)&REPT("●",Activities!$F16),"") -> 👥 Linked Learning certification planning & school support ●● | M16: =IF(AND(Activities!$A16<>"",IF(Activities!$E16<>"",ISNUMBER(SEARCH(",11,",","&Activities!$E16&",")),AND(Activities!$C16<=11,Activities!$D16>=11))),IF(Activities!$H16="Coaches","🌱 ",IF(Activities!$H16="Coordinators","⚙️ ",IF(Activities!$H16="Both","👥 ","")))&Activities!$B16&CHAR(10)&REPT("●",Activities!$F16),"") | N16: =IF(AND(Activities!$A16<>"",IF(Activities!$E16<>"",ISNUMBER(SEARCH(",12,",","&Activities!$E16&",")),AND(Activities!$C16<=12,Activities!$D16>=12))),IF(Activities!$H16="Coaches","🌱 ",IF(Activities!$H16="Coordinators","⚙️ ",IF(Activities!$H16="Both","👥 ","")))&Activities!$B16&CHAR(10)&REPT("●",Activities!$F16),"")
... A54: =IF(Activities!$A54<>"",Activities!$A54,"") | B54: =IF(Activities!$B54<>"",Activities!$B54,"") | C54: =IF(AND(Activities!$A54<>"",IF(Activities!$E54<>"",ISNUMBER(SEARCH(",1,",","&Activities!$E54&",")),AND(Activities!$C54<=1,Activities!$D54>=1))),IF(Activities!$H54="Coaches","🌱 ",IF(Activities!$H54="Coordinators","⚙️ ",IF(Activities!$H54="Both","👥 ","")))&Activities!$B54&CHAR(10)&REPT("●",Activities!$F54),"") | D54: =IF(AND(Activities!$A54<>"",IF(Activities!$E54<>"",ISNUMBER(SEARCH(",2,",","&Activities!$E54&",")),AND(Activities!$C54<=2,Activities!$D54>=2))),IF(Activities!$H54="Coaches","🌱 ",IF(Activities!$H54="Coordinators","⚙️ ",IF(Activities!$H54="Both","👥 ","")))&Activities!$B54&CHAR(10)&REPT("●",Activities!$F54),"") | E54: =IF(AND(Activities!$A54<>"",IF(Activities!$E54<>"",ISNUMBER(SEARCH(",3,",","&Activities!$E54&",")),AND(Activities!$C54<=3,Activities!$D54>=3))),IF(Activities!$H54="Coaches","🌱 ",IF(Activities!$H54="Coordinators","⚙️ ",IF(Activities!$H54="Both","👥 ","")))&Activities!$B54&CHAR(10)&REPT("●",Activities!$F54),"") | F54: =IF(AND(Activities!$A54<>"",IF(Activities!$E54<>"",ISNUMBER(SEARCH(",4,",","&Activities!$E54&",")),AND(Activities!$C54<=4,Activities!$D54>=4))),IF(Activities!$H54="Coaches","🌱 ",IF(Activities!$H54="Coordinators","⚙️ ",IF(Activities!$H54="Both","👥 ","")))&Activities!$B54&CHAR(10)&REPT("●",Activities!$F54),"") | G54: =IF(AND(Activities!$A54<>"",IF(Activities!$E54<>"",ISNUMBER(SEARCH(",5,",","&Activities!$E54&",")),AND(Activities!$C54<=5,Activities!$D54>=5))),IF(Activities!$H54="Coaches","🌱 ",IF(Activities!$H54="Coordinators","⚙️ ",IF(Activities!$H54="Both","👥 ","")))&Activities!$B54&CHAR(10)&REPT("●",Activities!$F54),"") | H54: =IF(AND(Activities!$A54<>"",IF(Activities!$E54<>"",ISNUMBER(SEARCH(",6,",","&Activities!$E54&",")),AND(Activities!$C54<=6,Activities!$D54>=6))),IF(Activities!$H54="Coaches","🌱 ",IF(Activities!$H54="Coordinators","⚙️ ",IF(Activities!$H54="Both","👥 ","")))&Activities!$B54&CHAR(10)&REPT("●",Activities!$F54),"") | I54: =IF(AND(Activities!$A54<>"",IF(Activities!$E54<>"",ISNUMBER(SEARCH(",7,",","&Activities!$E54&",")),AND(Activities!$C54<=7,Activities!$D54>=7))),IF(Activities!$H54="Coaches","🌱 ",IF(Activities!$H54="Coordinators","⚙️ ",IF(Activities!$H54="Both","👥 ","")))&Activities!$B54&CHAR(10)&REPT("●",Activities!$F54),"") | J54: =IF(AND(Activities!$A54<>"",IF(Activities!$E54<>"",ISNUMBER(SEARCH(",8,",","&Activities!$E54&",")),AND(Activities!$C54<=8,Activities!$D54>=8))),IF(Activities!$H54="Coaches","🌱 ",IF(Activities!$H54="Coordinators","⚙️ ",IF(Activities!$H54="Both","👥 ","")))&Activities!$B54&CHAR(10)&REPT("●",Activities!$F54),"") | K54: =IF(AND(Activities!$A54<>"",IF(Activities!$E54<>"",ISNUMBER(SEARCH(",9,",","&Activities!$E54&",")),AND(Activities!$C54<=9,Activities!$D54>=9))),IF(Activities!$H54="Coaches","🌱 ",IF(Activities!$H54="Coordinators","⚙️ ",IF(Activities!$H54="Both","👥 ","")))&Activities!$B54&CHAR(10)&REPT("●",Activities!$F54),"") | L54: =IF(AND(Activities!$A54<>"",IF(Activities!$E54<>"",ISNUMBER(SEARCH(",10,",","&Activities!$E54&",")),AND(Activities!$C54<=10,Activities!$D54>=10))),IF(Activities!$H54="Coaches","🌱 ",IF(Activities!$H54="Coordinators","⚙️ ",IF(Activities!$H54="Both","👥 ","")))&Activities!$B54&CHAR(10)&REPT("●",Activities!$F54),"") | M54: =IF(AND(Activities!$A54<>"",IF(Activities!$E54<>"",ISNUMBER(SEARCH(",11,",","&Activities!$E54&",")),AND(Activities!$C54<=11,Activities!$D54>=11))),IF(Activities!$H54="Coaches","🌱 ",IF(Activities!$H54="Coordinators","⚙️ ",IF(Activities!$H54="Both","👥 ","")))&Activities!$B54&CHAR(10)&REPT("●",Activities!$F54),"") | N54: =IF(AND(Activities!$A54<>"",IF(Activities!$E54<>"",ISNUMBER(SEARCH(",12,",","&Activities!$E54&",")),AND(Activities!$C54<=12,Activities!$D54>=12))),IF(Activities!$H54="Coaches","🌱 ",IF(Activities!$H54="Coordinators","⚙️ ",IF(Activities!$H54="Both","👥 ","")))&Activities!$B54&CHAR(10)&REPT("●",Activities!$F54),"")
A55: =IF(Activities!$A56<>"",Activities!$A56,"") | B55: =IF(Activities!$B56<>"",Activities!$B56,"") | C55: =IF(AND(Activities!$A56<>"",IF(Activities!$E56<>"",ISNUMBER(SEARCH(",1,",","&Activities!$E56&",")),AND(Activities!$C56<=1,Activities!$D56>=1))),IF(Activities!$H56="Coaches","🌱 ",IF(Activities!$H56="Coordinators","⚙️ ",IF(Activities!$H56="Both","👥 ","")))&Activities!$B56&CHAR(10)&REPT("●",Activities!$F56),"") | D55: =IF(AND(Activities!$A56<>"",IF(Activities!$E56<>"",ISNUMBER(SEARCH(",2,",","&Activities!$E56&",")),AND(Activities!$C56<=2,Activities!$D56>=2))),IF(Activities!$H56="Coaches","🌱 ",IF(Activities!$H56="Coordinators","⚙️ ",IF(Activities!$H56="Both","👥 ","")))&Activities!$B56&CHAR(10)&REPT("●",Activities!$F56),"") | E55: =IF(AND(Activities!$A56<>"",IF(Activities!$E56<>"",ISNUMBER(SEARCH(",3,",","&Activities!$E56&",")),AND(Activities!$C56<=3,Activities!$D56>=3))),IF(Activities!$H56="Coaches","🌱 ",IF(Activities!$H56="Coordinators","⚙️ ",IF(Activities!$H56="Both","👥 ","")))&Activities!$B56&CHAR(10)&REPT("●",Activities!$F56),"") | F55: =IF(AND(Activities!$A56<>"",IF(Activities!$E56<>"",ISNUMBER(SEARCH(",4,",","&Activities!$E56&",")),AND(Activities!$C56<=4,Activities!$D56>=4))),IF(Activities!$H56="Coaches","🌱 ",IF(Activities!$H56="Coordinators","⚙️ ",IF(Activities!$H56="Both","👥 ","")))&Activities!$B56&CHAR(10)&REPT("●",Activities!$F56),"") | G55: =IF(AND(Activities!$A56<>"",IF(Activities!$E56<>"",ISNUMBER(SEARCH(",5,",","&Activities!$E56&",")),AND(Activities!$C56<=5,Activities!$D56>=5))),IF(Activities!$H56="Coaches","🌱 ",IF(Activities!$H56="Coordinators","⚙️ ",IF(Activities!$H56="Both","👥 ","")))&Activities!$B56&CHAR(10)&REPT("●",Activities!$F56),"") | H55: =IF(AND(Activities!$A56<>"",IF(Activities!$E56<>"",ISNUMBER(SEARCH(",6,",","&Activities!$E56&",")),AND(Activities!$C56<=6,Activities!$D56>=6))),IF(Activities!$H56="Coaches","🌱 ",IF(Activities!$H56="Coordinators","⚙️ ",IF(Activities!$H56="Both","👥 ","")))&Activities!$B56&CHAR(10)&REPT("●",Activities!$F56),"") | I55: =IF(AND(Activities!$A56<>"",IF(Activities!$E56<>"",ISNUMBER(SEARCH(",7,",","&Activities!$E56&",")),AND(Activities!$C56<=7,Activities!$D56>=7))),IF(Activities!$H56="Coaches","🌱 ",IF(Activities!$H56="Coordinators","⚙️ ",IF(Activities!$H56="Both","👥 ","")))&Activities!$B56&CHAR(10)&REPT("●",Activities!$F56),"") | J55: =IF(AND(Activities!$A56<>"",IF(Activities!$E56<>"",ISNUMBER(SEARCH(",8,",","&Activities!$E56&",")),AND(Activities!$C56<=8,Activities!$D56>=8))),IF(Activities!$H56="Coaches","🌱 ",IF(Activities!$H56="Coordinators","⚙️ ",IF(Activities!$H56="Both","👥 ","")))&Activities!$B56&CHAR(10)&REPT("●",Activities!$F56),"") | K55: =IF(AND(Activities!$A56<>"",IF(Activities!$E56<>"",ISNUMBER(SEARCH(",9,",","&Activities!$E56&",")),AND(Activities!$C56<=9,Activities!$D56>=9))),IF(Activities!$H56="Coaches","🌱 ",IF(Activities!$H56="Coordinators","⚙️ ",IF(Activities!$H56="Both","👥 ","")))&Activities!$B56&CHAR(10)&REPT("●",Activities!$F56),"") | L55: =IF(AND(Activities!$A56<>"",IF(Activities!$E56<>"",ISNUMBER(SEARCH(",10,",","&Activities!$E56&",")),AND(Activities!$C56<=10,Activities!$D56>=10))),IF(Activities!$H56="Coaches","🌱 ",IF(Activities!$H56="Coordinators","⚙️ ",IF(Activities!$H56="Both","👥 ","")))&Activities!$B56&CHAR(10)&REPT("●",Activities!$F56),"") | M55: =IF(AND(Activities!$A56<>"",IF(Activities!$E56<>"",ISNUMBER(SEARCH(",11,",","&Activities!$E56&",")),AND(Activities!$C56<=11,Activities!$D56>=11))),IF(Activities!$H56="Coaches","🌱 ",IF(Activities!$H56="Coordinators","⚙️ ",IF(Activities!$H56="Both","👥 ","")))&Activities!$B56&CHAR(10)&REPT("●",Activities!$F56),"") | N55: =IF(AND(Activities!$A56<>"",IF(Activities!$E56<>"",ISNUMBER(SEARCH(",12,",","&Activities!$E56&",")),AND(Activities!$C56<=12,Activities!$D56>=12))),IF(Activities!$H56="Coaches","🌱 ",IF(Activities!$H56="Coordinators","⚙️ ",IF(Activities!$H56="Both","👥 ","")))&Activities!$B56&CHAR(10)&REPT("●",Activities!$F56),"")
A56: =IF(Activities!$A57<>"",Activities!$A57,"") | B56: =IF(Activities!$B57<>"",Activities!$B57,"") | C56: =IF(AND(Activities!$A57<>"",IF(Activities!$E57<>"",ISNUMBER(SEARCH(",1,",","&Activities!$E57&",")),AND(Activities!$C57<=1,Activities!$D57>=1))),IF(Activities!$H57="Coaches","🌱 ",IF(Activities!$H57="Coordinators","⚙️ ",IF(Activities!$H57="Both","👥 ","")))&Activities!$B57&CHAR(10)&REPT("●",Activities!$F57),"") | D56: =IF(AND(Activities!$A57<>"",IF(Activities!$E57<>"",ISNUMBER(SEARCH(",2,",","&Activities!$E57&",")),AND(Activities!$C57<=2,Activities!$D57>=2))),IF(Activities!$H57="Coaches","🌱 ",IF(Activities!$H57="Coordinators","⚙️ ",IF(Activities!$H57="Both","👥 ","")))&Activities!$B57&CHAR(10)&REPT("●",Activities!$F57),"") | E56: =IF(AND(Activities!$A57<>"",IF(Activities!$E57<>"",ISNUMBER(SEARCH(",3,",","&Activities!$E57&",")),AND(Activities!$C57<=3,Activities!$D57>=3))),IF(Activities!$H57="Coaches","🌱 ",IF(Activities!$H57="Coordinators","⚙️ ",IF(Activities!$H57="Both","👥 ","")))&Activities!$B57&CHAR(10)&REPT("●",Activities!$F57),"") | F56: =IF(AND(Activities!$A57<>"",IF(Activities!$E57<>"",ISNUMBER(SEARCH(",4,",","&Activities!$E57&",")),AND(Activities!$C57<=4,Activities!$D57>=4))),IF(Activities!$H57="Coaches","🌱 ",IF(Activities!$H57="Coordinators","⚙️ ",IF(Activities!$H57="Both","👥 ","")))&Activities!$B57&CHAR(10)&REPT("●",Activities!$F57),"") | G56: =IF(AND(Activities!$A57<>"",IF(Activities!$E57<>"",ISNUMBER(SEARCH(",5,",","&Activities!$E57&",")),AND(Activities!$C57<=5,Activities!$D57>=5))),IF(Activities!$H57="Coaches","🌱 ",IF(Activities!$H57="Coordinators","⚙️ ",IF(Activities!$H57="Both","👥 ","")))&Activities!$B57&CHAR(10)&REPT("●",Activities!$F57),"") | H56: =IF(AND(Activities!$A57<>"",IF(Activities!$E57<>"",ISNUMBER(SEARCH(",6,",","&Activities!$E57&",")),AND(Activities!$C57<=6,Activities!$D57>=6))),IF(Activities!$H57="Coaches","🌱 ",IF(Activities!$H57="Coordinators","⚙️ ",IF(Activities!$H57="Both","👥 ","")))&Activities!$B57&CHAR(10)&REPT("●",Activities!$F57),"") | I56: =IF(AND(Activities!$A57<>"",IF(Activities!$E57<>"",ISNUMBER(SEARCH(",7,",","&Activities!$E57&",")),AND(Activities!$C57<=7,Activities!$D57>=7))),IF(Activities!$H57="Coaches","🌱 ",IF(Activities!$H57="Coordinators","⚙️ ",IF(Activities!$H57="Both","👥 ","")))&Activities!$B57&CHAR(10)&REPT("●",Activities!$F57),"") | J56: =IF(AND(Activities!$A57<>"",IF(Activities!$E57<>"",ISNUMBER(SEARCH(",8,",","&Activities!$E57&",")),AND(Activities!$C57<=8,Activities!$D57>=8))),IF(Activities!$H57="Coaches","🌱 ",IF(Activities!$H57="Coordinators","⚙️ ",IF(Activities!$H57="Both","👥 ","")))&Activities!$B57&CHAR(10)&REPT("●",Activities!$F57),"") | K56: =IF(AND(Activities!$A57<>"",IF(Activities!$E57<>"",ISNUMBER(SEARCH(",9,",","&Activities!$E57&",")),AND(Activities!$C57<=9,Activities!$D57>=9))),IF(Activities!$H57="Coaches","🌱 ",IF(Activities!$H57="Coordinators","⚙️ ",IF(Activities!$H57="Both","👥 ","")))&Activities!$B57&CHAR(10)&REPT("●",Activities!$F57),"") | L56: =IF(AND(Activities!$A57<>"",IF(Activities!$E57<>"",ISNUMBER(SEARCH(",10,",","&Activities!$E57&",")),AND(Activities!$C57<=10,Activities!$D57>=10))),IF(Activities!$H57="Coaches","🌱 ",IF(Activities!$H57="Coordinators","⚙️ ",IF(Activities!$H57="Both","👥 ","")))&Activities!$B57&CHAR(10)&REPT("●",Activities!$F57),"") | M56: =IF(AND(Activities!$A57<>"",IF(Activities!$E57<>"",ISNUMBER(SEARCH(",11,",","&Activities!$E57&",")),AND(Activities!$C57<=11,Activities!$D57>=11))),IF(Activities!$H57="Coaches","🌱 ",IF(Activities!$H57="Coordinators","⚙️ ",IF(Activities!$H57="Both","👥 ","")))&Activities!$B57&CHAR(10)&REPT("●",Activities!$F57),"") | N56: =IF(AND(Activities!$A57<>"",IF(Activities!$E57<>"",ISNUMBER(SEARCH(",12,",","&Activities!$E57&",")),AND(Activities!$C57<=12,Activities!$D57>=12))),IF(Activities!$H57="Coaches","🌱 ",IF(Activities!$H57="Coordinators","⚙️ ",IF(Activities!$H57="Both","👥 ","")))&Activities!$B57&CHAR(10)&REPT("●",Activities!$F57),"")
A57: =IF(Activities!$A58<>"",Activities!$A58,"") | B57: =IF(Activities!$B58<>"",Activities!$B58,"") | C57: =IF(AND(Activities!$A58<>"",IF(Activities!$E58<>"",ISNUMBER(SEARCH(",1,",","&Activities!$E58&",")),AND(Activities!$C58<=1,Activities!$D58>=1))),IF(Activities!$H58="Coaches","🌱 ",IF(Activities!$H58="Coordinators","⚙️ ",IF(Activities!$H58="Both","👥 ","")))&Activities!$B58&CHAR(10)&REPT("●",Activities!$F58),"") | D57: =IF(AND(Activities!$A58<>"",IF(Activities!$E58<>"",ISNUMBER(SEARCH(",2,",","&Activities!$E58&",")),AND(Activities!$C58<=2,Activities!$D58>=2))),IF(Activities!$H58="Coaches","🌱 ",IF(Activities!$H58="Coordinators","⚙️ ",IF(Activities!$H58="Both","👥 ","")))&Activities!$B58&CHAR(10)&REPT("●",Activities!$F58),"") | E57: =IF(AND(Activities!$A58<>"",IF(Activities!$E58<>"",ISNUMBER(SEARCH(",3,",","&Activities!$E58&",")),AND(Activities!$C58<=3,Activities!$D58>=3))),IF(Activities!$H58="Coaches","🌱 ",IF(Activities!$H58="Coordinators","⚙️ ",IF(Activities!$H58="Both","👥 ","")))&Activities!$B58&CHAR(10)&REPT("●",Activities!$F58),"") | F57: =IF(AND(Activities!$A58<>"",IF(Activities!$E58<>"",ISNUMBER(SEARCH(",4,",","&Activities!$E58&",")),AND(Activities!$C58<=4,Activities!$D58>=4))),IF(Activities!$H58="Coaches","🌱 ",IF(Activities!$H58="Coordinators","⚙️ ",IF(Activities!$H58="Both","👥 ","")))&Activities!$B58&CHAR(10)&REPT("●",Activities!$F58),"") | G57: =IF(AND(Activities!$A58<>"",IF(Activities!$E58<>"",ISNUMBER(SEARCH(",5,",","&Activities!$E58&",")),AND(Activities!$C58<=5,Activities!$D58>=5))),IF(Activities!$H58="Coaches","🌱 ",IF(Activities!$H58="Coordinators","⚙️ ",IF(Activities!$H58="Both","👥 ","")))&Activities!$B58&CHAR(10)&REPT("●",Activities!$F58),"") | H57: =IF(AND(Activities!$A58<>"",IF(Activities!$E58<>"",ISNUMBER(SEARCH(",6,",","&Activities!$E58&",")),AND(Activities!$C58<=6,Activities!$D58>=6))),IF(Activities!$H58="Coaches","🌱 ",IF(Activities!$H58="Coordinators","⚙️ ",IF(Activities!$H58="Both","👥 ","")))&Activities!$B58&CHAR(10)&REPT("●",Activities!$F58),"") | I57: =IF(AND(Activities!$A58<>"",IF(Activities!$E58<>"",ISNUMBER(SEARCH(",7,",","&Activities!$E58&",")),AND(Activities!$C58<=7,Activities!$D58>=7))),IF(Activities!$H58="Coaches","🌱 ",IF(Activities!$H58="Coordinators","⚙️ ",IF(Activities!$H58="Both","👥 ","")))&Activities!$B58&CHAR(10)&REPT("●",Activities!$F58),"") | J57: =IF(AND(Activities!$A58<>"",IF(Activities!$E58<>"",ISNUMBER(SEARCH(",8,",","&Activities!$E58&",")),AND(Activities!$C58<=8,Activities!$D58>=8))),IF(Activities!$H58="Coaches","🌱 ",IF(Activities!$H58="Coordinators","⚙️ ",IF(Activities!$H58="Both","👥 ","")))&Activities!$B58&CHAR(10)&REPT("●",Activities!$F58),"") | K57: =IF(AND(Activities!$A58<>"",IF(Activities!$E58<>"",ISNUMBER(SEARCH(",9,",","&Activities!$E58&",")),AND(Activities!$C58<=9,Activities!$D58>=9))),IF(Activities!$H58="Coaches","🌱 ",IF(Activities!$H58="Coordinators","⚙️ ",IF(Activities!$H58="Both","👥 ","")))&Activities!$B58&CHAR(10)&REPT("●",Activities!$F58),"") | L57: =IF(AND(Activities!$A58<>"",IF(Activities!$E58<>"",ISNUMBER(SEARCH(",10,",","&Activities!$E58&",")),AND(Activities!$C58<=10,Activities!$D58>=10))),IF(Activities!$H58="Coaches","🌱 ",IF(Activities!$H58="Coordinators","⚙️ ",IF(Activities!$H58="Both","👥 ","")))&Activities!$B58&CHAR(10)&REPT("●",Activities!$F58),"") | M57: =IF(AND(Activities!$A58<>"",IF(Activities!$E58<>"",ISNUMBER(SEARCH(",11,",","&Activities!$E58&",")),AND(Activities!$C58<=11,Activities!$D58>=11))),IF(Activities!$H58="Coaches","🌱 ",IF(Activities!$H58="Coordinators","⚙️ ",IF(Activities!$H58="Both","👥 ","")))&Activities!$B58&CHAR(10)&REPT("●",Activities!$F58),"") | N57: =IF(AND(Activities!$A58<>"",IF(Activities!$E58<>"",ISNUMBER(SEARCH(",12,",","&Activities!$E58&",")),AND(Activities!$C58<=12,Activities!$D58>=12))),IF(Activities!$H58="Coaches","🌱 ",IF(Activities!$H58="Coordinators","⚙️ ",IF(Activities!$H58="Both","👥 ","")))&Activities!$B58&CHAR(10)&REPT("●",Activities!$F58),"")
A58: =IF(Activities!$A59<>"",Activities!$A59,"") | B58: =IF(Activities!$B59<>"",Activities!$B59,"") | C58: =IF(AND(Activities!$A59<>"",IF(Activities!$E59<>"",ISNUMBER(SEARCH(",1,",","&Activities!$E59&",")),AND(Activities!$C59<=1,Activities!$D59>=1))),IF(Activities!$H59="Coaches","🌱 ",IF(Activities!$H59="Coordinators","⚙️ ",IF(Activities!$H59="Both","👥 ","")))&Activities!$B59&CHAR(10)&REPT("●",Activities!$F59),"") | D58: =IF(AND(Activities!$A59<>"",IF(Activities!$E59<>"",ISNUMBER(SEARCH(",2,",","&Activities!$E59&",")),AND(Activities!$C59<=2,Activities!$D59>=2))),IF(Activities!$H59="Coaches","🌱 ",IF(Activities!$H59="Coordinators","⚙️ ",IF(Activities!$H59="Both","👥 ","")))&Activities!$B59&CHAR(10)&REPT("●",Activities!$F59),"") | E58: =IF(AND(Activities!$A59<>"",IF(Activities!$E59<>"",ISNUMBER(SEARCH(",3,",","&Activities!$E59&",")),AND(Activities!$C59<=3,Activities!$D59>=3))),IF(Activities!$H59="Coaches","🌱 ",IF(Activities!$H59="Coordinators","⚙️ ",IF(Activities!$H59="Both","👥 ","")))&Activities!$B59&CHAR(10)&REPT("●",Activities!$F59),"") | F58: =IF(AND(Activities!$A59<>"",IF(Activities!$E59<>"",ISNUMBER(SEARCH(",4,",","&Activities!$E59&",")),AND(Activities!$C59<=4,Activities!$D59>=4))),IF(Activities!$H59="Coaches","🌱 ",IF(Activities!$H59="Coordinators","⚙️ ",IF(Activities!$H59="Both","👥 ","")))&Activities!$B59&CHAR(10)&REPT("●",Activities!$F59),"") | G58: =IF(AND(Activities!$A59<>"",IF(Activities!$E59<>"",ISNUMBER(SEARCH(",5,",","&Activities!$E59&",")),AND(Activities!$C59<=5,Activities!$D59>=5))),IF(Activities!$H59="Coaches","🌱 ",IF(Activities!$H59="Coordinators","⚙️ ",IF(Activities!$H59="Both","👥 ","")))&Activities!$B59&CHAR(10)&REPT("●",Activities!$F59),"") | H58: =IF(AND(Activities!$A59<>"",IF(Activities!$E59<>"",ISNUMBER(SEARCH(",6,",","&Activities!$E59&",")),AND(Activities!$C59<=6,Activities!$D59>=6))),IF(Activities!$H59="Coaches","🌱 ",IF(Activities!$H59="Coordinators","⚙️ ",IF(Activities!$H59="Both","👥 ","")))&Activities!$B59&CHAR(10)&REPT("●",Activities!$F59),"") | I58: =IF(AND(Activities!$A59<>"",IF(Activities!$E59<>"",ISNUMBER(SEARCH(",7,",","&Activities!$E59&",")),AND(Activities!$C59<=7,Activities!$D59>=7))),IF(Activities!$H59="Coaches","🌱 ",IF(Activities!$H59="Coordinators","⚙️ ",IF(Activities!$H59="Both","👥 ","")))&Activities!$B59&CHAR(10)&REPT("●",Activities!$F59),"") | J58: =IF(AND(Activities!$A59<>"",IF(Activities!$E59<>"",ISNUMBER(SEARCH(",8,",","&Activities!$E59&",")),AND(Activities!$C59<=8,Activities!$D59>=8))),IF(Activities!$H59="Coaches","🌱 ",IF(Activities!$H59="Coordinators","⚙️ ",IF(Activities!$H59="Both","👥 ","")))&Activities!$B59&CHAR(10)&REPT("●",Activities!$F59),"") | K58: =IF(AND(Activities!$A59<>"",IF(Activities!$E59<>"",ISNUMBER(SEARCH(",9,",","&Activities!$E59&",")),AND(Activities!$C59<=9,Activities!$D59>=9))),IF(Activities!$H59="Coaches","🌱 ",IF(Activities!$H59="Coordinators","⚙️ ",IF(Activities!$H59="Both","👥 ","")))&Activities!$B59&CHAR(10)&REPT("●",Activities!$F59),"") | L58: =IF(AND(Activities!$A59<>"",IF(Activities!$E59<>"",ISNUMBER(SEARCH(",10,",","&Activities!$E59&",")),AND(Activities!$C59<=10,Activities!$D59>=10))),IF(Activities!$H59="Coaches","🌱 ",IF(Activities!$H59="Coordinators","⚙️ ",IF(Activities!$H59="Both","👥 ","")))&Activities!$B59&CHAR(10)&REPT("●",Activities!$F59),"") | M58: =IF(AND(Activities!$A59<>"",IF(Activities!$E59<>"",ISNUMBER(SEARCH(",11,",","&Activities!$E59&",")),AND(Activities!$C59<=11,Activities!$D59>=11))),IF(Activities!$H59="Coaches","🌱 ",IF(Activities!$H59="Coordinators","⚙️ ",IF(Activities!$H59="Both","👥 ","")))&Activities!$B59&CHAR(10)&REPT("●",Activities!$F59),"") | N58: =IF(AND(Activities!$A59<>"",IF(Activities!$E59<>"",ISNUMBER(SEARCH(",12,",","&Activities!$E59&",")),AND(Activities!$C59<=12,Activities!$D59>=12))),IF(Activities!$H59="Coaches","🌱 ",IF(Activities!$H59="Coordinators","⚙️ ",IF(Activities!$H59="Both","👥 ","")))&Activities!$B59&CHAR(10)&REPT("●",Activities!$F59),"")
A59: =IF(Activities!$A60<>"",Activities!$A60,"") | B59: =IF(Activities!$B60<>"",Activities!$B60,"") | C59: =IF(AND(Activities!$A60<>"",IF(Activities!$E60<>"",ISNUMBER(SEARCH(",1,",","&Activities!$E60&",")),AND(Activities!$C60<=1,Activities!$D60>=1))),IF(Activities!$H60="Coaches","🌱 ",IF(Activities!$H60="Coordinators","⚙️ ",IF(Activities!$H60="Both","👥 ","")))&Activities!$B60&CHAR(10)&REPT("●",Activities!$F60),"") | D59: =IF(AND(Activities!$A60<>"",IF(Activities!$E60<>"",ISNUMBER(SEARCH(",2,",","&Activities!$E60&",")),AND(Activities!$C60<=2,Activities!$D60>=2))),IF(Activities!$H60="Coaches","🌱 ",IF(Activities!$H60="Coordinators","⚙️ ",IF(Activities!$H60="Both","👥 ","")))&Activities!$B60&CHAR(10)&REPT("●",Activities!$F60),"") | E59: =IF(AND(Activities!$A60<>"",IF(Activities!$E60<>"",ISNUMBER(SEARCH(",3,",","&Activities!$E60&",")),AND(Activities!$C60<=3,Activities!$D60>=3))),IF(Activities!$H60="Coaches","🌱 ",IF(Activities!$H60="Coordinators","⚙️ ",IF(Activities!$H60="Both","👥 ","")))&Activities!$B60&CHAR(10)&REPT("●",Activities!$F60),"") | F59: =IF(AND(Activities!$A60<>"",IF(Activities!$E60<>"",ISNUMBER(SEARCH(",4,",","&Activities!$E60&",")),AND(Activities!$C60<=4,Activities!$D60>=4))),IF(Activities!$H60="Coaches","🌱 ",IF(Activities!$H60="Coordinators","⚙️ ",IF(Activities!$H60="Both","👥 ","")))&Activities!$B60&CHAR(10)&REPT("●",Activities!$F60),"") | G59: =IF(AND(Activities!$A60<>"",IF(Activities!$E60<>"",ISNUMBER(SEARCH(",5,",","&Activities!$E60&",")),AND(Activities!$C60<=5,Activities!$D60>=5))),IF(Activities!$H60="Coaches","🌱 ",IF(Activities!$H60="Coordinators","⚙️ ",IF(Activities!$H60="Both","👥 ","")))&Activities!$B60&CHAR(10)&REPT("●",Activities!$F60),"") | H59: =IF(AND(Activities!$A60<>"",IF(Activities!$E60<>"",ISNUMBER(SEARCH(",6,",","&Activities!$E60&",")),AND(Activities!$C60<=6,Activities!$D60>=6))),IF(Activities!$H60="Coaches","🌱 ",IF(Activities!$H60="Coordinators","⚙️ ",IF(Activities!$H60="Both","👥 ","")))&Activities!$B60&CHAR(10)&REPT("●",Activities!$F60),"") | I59: =IF(AND(Activities!$A60<>"",IF(Activities!$E60<>"",ISNUMBER(SEARCH(",7,",","&Activities!$E60&",")),AND(Activities!$C60<=7,Activities!$D60>=7))),IF(Activities!$H60="Coaches","🌱 ",IF(Activities!$H60="Coordinators","⚙️ ",IF(Activities!$H60="Both","👥 ","")))&Activities!$B60&CHAR(10)&REPT("●",Activities!$F60),"") | J59: =IF(AND(Activities!$A60<>"",IF(Activities!$E60<>"",ISNUMBER(SEARCH(",8,",","&Activities!$E60&",")),AND(Activities!$C60<=8,Activities!$D60>=8))),IF(Activities!$H60="Coaches","🌱 ",IF(Activities!$H60="Coordinators","⚙️ ",IF(Activities!$H60="Both","👥 ","")))&Activities!$B60&CHAR(10)&REPT("●",Activities!$F60),"") | K59: =IF(AND(Activities!$A60<>"",IF(Activities!$E60<>"",ISNUMBER(SEARCH(",9,",","&Activities!$E60&",")),AND(Activities!$C60<=9,Activities!$D60>=9))),IF(Activities!$H60="Coaches","🌱 ",IF(Activities!$H60="Coordinators","⚙️ ",IF(Activities!$H60="Both","👥 ","")))&Activities!$B60&CHAR(10)&REPT("●",Activities!$F60),"") | L59: =IF(AND(Activities!$A60<>"",IF(Activities!$E60<>"",ISNUMBER(SEARCH(",10,",","&Activities!$E60&",")),AND(Activities!$C60<=10,Activities!$D60>=10))),IF(Activities!$H60="Coaches","🌱 ",IF(Activities!$H60="Coordinators","⚙️ ",IF(Activities!$H60="Both","👥 ","")))&Activities!$B60&CHAR(10)&REPT("●",Activities!$F60),"") | M59: =IF(AND(Activities!$A60<>"",IF(Activities!$E60<>"",ISNUMBER(SEARCH(",11,",","&Activities!$E60&",")),AND(Activities!$C60<=11,Activities!$D60>=11))),IF(Activities!$H60="Coaches","🌱 ",IF(Activities!$H60="Coordinators","⚙️ ",IF(Activities!$H60="Both","👥 ","")))&Activities!$B60&CHAR(10)&REPT("●",Activities!$F60),"") | N59: =IF(AND(Activities!$A60<>"",IF(Activities!$E60<>"",ISNUMBER(SEARCH(",12,",","&Activities!$E60&",")),AND(Activities!$C60<=12,Activities!$D60>=12))),IF(Activities!$H60="Coaches","🌱 ",IF(Activities!$H60="Coordinators","⚙️ ",IF(Activities!$H60="Both","👥 ","")))&Activities!$B60&CHAR(10)&REPT("●",Activities!$F60),"")
A60: =IF(Activities!$A61<>"",Activities!$A61,"") | B60: =IF(Activities!$B61<>"",Activities!$B61,"") | C60: =IF(AND(Activities!$A61<>"",IF(Activities!$E61<>"",ISNUMBER(SEARCH(",1,",","&Activities!$E61&",")),AND(Activities!$C61<=1,Activities!$D61>=1))),IF(Activities!$H61="Coaches","🌱 ",IF(Activities!$H61="Coordinators","⚙️ ",IF(Activities!$H61="Both","👥 ","")))&Activities!$B61&CHAR(10)&REPT("●",Activities!$F61),"") | D60: =IF(AND(Activities!$A61<>"",IF(Activities!$E61<>"",ISNUMBER(SEARCH(",2,",","&Activities!$E61&",")),AND(Activities!$C61<=2,Activities!$D61>=2))),IF(Activities!$H61="Coaches","🌱 ",IF(Activities!$H61="Coordinators","⚙️ ",IF(Activities!$H61="Both","👥 ","")))&Activities!$B61&CHAR(10)&REPT("●",Activities!$F61),"") | E60: =IF(AND(Activities!$A61<>"",IF(Activities!$E61<>"",ISNUMBER(SEARCH(",3,",","&Activities!$E61&",")),AND(Activities!$C61<=3,Activities!$D61>=3))),IF(Activities!$H61="Coaches","🌱 ",IF(Activities!$H61="Coordinators","⚙️ ",IF(Activities!$H61="Both","👥 ","")))&Activities!$B61&CHAR(10)&REPT("●",Activities!$F61),"") | F60: =IF(AND(Activities!$A61<>"",IF(Activities!$E61<>"",ISNUMBER(SEARCH(",4,",","&Activities!$E61&",")),AND(Activities!$C61<=4,Activities!$D61>=4))),IF(Activities!$H61="Coaches","🌱 ",IF(Activities!$H61="Coordinators","⚙️ ",IF(Activities!$H61="Both","👥 ","")))&Activities!$B61&CHAR(10)&REPT("●",Activities!$F61),"") | G60: =IF(AND(Activities!$A61<>"",IF(Activities!$E61<>"",ISNUMBER(SEARCH(",5,",","&Activities!$E61&",")),AND(Activities!$C61<=5,Activities!$D61>=5))),IF(Activities!$H61="Coaches","🌱 ",IF(Activities!$H61="Coordinators","⚙️ ",IF(Activities!$H61="Both","👥 ","")))&Activities!$B61&CHAR(10)&REPT("●",Activities!$F61),"") | H60: =IF(AND(Activities!$A61<>"",IF(Activities!$E61<>"",ISNUMBER(SEARCH(",6,",","&Activities!$E61&",")),AND(Activities!$C61<=6,Activities!$D61>=6))),IF(Activities!$H61="Coaches","🌱 ",IF(Activities!$H61="Coordinators","⚙️ ",IF(Activities!$H61="Both","👥 ","")))&Activities!$B61&CHAR(10)&REPT("●",Activities!$F61),"") | I60: =IF(AND(Activities!$A61<>"",IF(Activities!$E61<>"",ISNUMBER(SEARCH(",7,",","&Activities!$E61&",")),AND(Activities!$C61<=7,Activities!$D61>=7))),IF(Activities!$H61="Coaches","🌱 ",IF(Activities!$H61="Coordinators","⚙️ ",IF(Activities!$H61="Both","👥 ","")))&Activities!$B61&CHAR(10)&REPT("●",Activities!$F61),"") | J60: =IF(AND(Activities!$A61<>"",IF(Activities!$E61<>"",ISNUMBER(SEARCH(",8,",","&Activities!$E61&",")),AND(Activities!$C61<=8,Activities!$D61>=8))),IF(Activities!$H61="Coaches","🌱 ",IF(Activities!$H61="Coordinators","⚙️ ",IF(Activities!$H61="Both","👥 ","")))&Activities!$B61&CHAR(10)&REPT("●",Activities!$F61),"") | K60: =IF(AND(Activities!$A61<>"",IF(Activities!$E61<>"",ISNUMBER(SEARCH(",9,",","&Activities!$E61&",")),AND(Activities!$C61<=9,Activities!$D61>=9))),IF(Activities!$H61="Coaches","🌱 ",IF(Activities!$H61="Coordinators","⚙️ ",IF(Activities!$H61="Both","👥 ","")))&Activities!$B61&CHAR(10)&REPT("●",Activities!$F61),"") | L60: =IF(AND(Activities!$A61<>"",IF(Activities!$E61<>"",ISNUMBER(SEARCH(",10,",","&Activities!$E61&",")),AND(Activities!$C61<=10,Activities!$D61>=10))),IF(Activities!$H61="Coaches","🌱 ",IF(Activities!$H61="Coordinators","⚙️ ",IF(Activities!$H61="Both","👥 ","")))&Activities!$B61&CHAR(10)&REPT("●",Activities!$F61),"") | M60: =IF(AND(Activities!$A61<>"",IF(Activities!$E61<>"",ISNUMBER(SEARCH(",11,",","&Activities!$E61&",")),AND(Activities!$C61<=11,Activities!$D61>=11))),IF(Activities!$H61="Coaches","🌱 ",IF(Activities!$H61="Coordinators","⚙️ ",IF(Activities!$H61="Both","👥 ","")))&Activities!$B61&CHAR(10)&REPT("●",Activities!$F61),"") | N60: =IF(AND(Activities!$A61<>"",IF(Activities!$E61<>"",ISNUMBER(SEARCH(",12,",","&Activities!$E61&",")),AND(Activities!$C61<=12,Activities!$D61>=12))),IF(Activities!$H61="Coaches","🌱 ",IF(Activities!$H61="Coordinators","⚙️ ",IF(Activities!$H61="Both","👥 ","")))&Activities!$B61&CHAR(10)&REPT("●",Activities!$F61),"")
A61: =IF(Activities!$A62<>"",Activities!$A62,"") | B61: =IF(Activities!$B62<>"",Activities!$B62,"") | C61: =IF(AND(Activities!$A62<>"",IF(Activities!$E62<>"",ISNUMBER(SEARCH(",1,",","&Activities!$E62&",")),AND(Activities!$C62<=1,Activities!$D62>=1))),IF(Activities!$H62="Coaches","🌱 ",IF(Activities!$H62="Coordinators","⚙️ ",IF(Activities!$H62="Both","👥 ","")))&Activities!$B62&CHAR(10)&REPT("●",Activities!$F62),"") | D61: =IF(AND(Activities!$A62<>"",IF(Activities!$E62<>"",ISNUMBER(SEARCH(",2,",","&Activities!$E62&",")),AND(Activities!$C62<=2,Activities!$D62>=2))),IF(Activities!$H62="Coaches","🌱 ",IF(Activities!$H62="Coordinators","⚙️ ",IF(Activities!$H62="Both","👥 ","")))&Activities!$B62&CHAR(10)&REPT("●",Activities!$F62),"") | E61: =IF(AND(Activities!$A62<>"",IF(Activities!$E62<>"",ISNUMBER(SEARCH(",3,",","&Activities!$E62&",")),AND(Activities!$C62<=3,Activities!$D62>=3))),IF(Activities!$H62="Coaches","🌱 ",IF(Activities!$H62="Coordinators","⚙️ ",IF(Activities!$H62="Both","👥 ","")))&Activities!$B62&CHAR(10)&REPT("●",Activities!$F62),"") | F61: =IF(AND(Activities!$A62<>"",IF(Activities!$E62<>"",ISNUMBER(SEARCH(",4,",","&Activities!$E62&",")),AND(Activities!$C62<=4,Activities!$D62>=4))),IF(Activities!$H62="Coaches","🌱 ",IF(Activities!$H62="Coordinators","⚙️ ",IF(Activities!$H62="Both","👥 ","")))&Activities!$B62&CHAR(10)&REPT("●",Activities!$F62),"") | G61: =IF(AND(Activities!$A62<>"",IF(Activities!$E62<>"",ISNUMBER(SEARCH(",5,",","&Activities!$E62&",")),AND(Activities!$C62<=5,Activities!$D62>=5))),IF(Activities!$H62="Coaches","🌱 ",IF(Activities!$H62="Coordinators","⚙️ ",IF(Activities!$H62="Both","👥 ","")))&Activities!$B62&CHAR(10)&REPT("●",Activities!$F62),"") | H61: =IF(AND(Activities!$A62<>"",IF(Activities!$E62<>"",ISNUMBER(SEARCH(",6,",","&Activities!$E62&",")),AND(Activities!$C62<=6,Activities!$D62>=6))),IF(Activities!$H62="Coaches","🌱 ",IF(Activities!$H62="Coordinators","⚙️ ",IF(Activities!$H62="Both","👥 ","")))&Activities!$B62&CHAR(10)&REPT("●",Activities!$F62),"") | I61: =IF(AND(Activities!$A62<>"",IF(Activities!$E62<>"",ISNUMBER(SEARCH(",7,",","&Activities!$E62&",")),AND(Activities!$C62<=7,Activities!$D62>=7))),IF(Activities!$H62="Coaches","🌱 ",IF(Activities!$H62="Coordinators","⚙️ ",IF(Activities!$H62="Both","👥 ","")))&Activities!$B62&CHAR(10)&REPT("●",Activities!$F62),"") | J61: =IF(AND(Activities!$A62<>"",IF(Activities!$E62<>"",ISNUMBER(SEARCH(",8,",","&Activities!$E62&",")),AND(Activities!$C62<=8,Activities!$D62>=8))),IF(Activities!$H62="Coaches","🌱 ",IF(Activities!$H62="Coordinators","⚙️ ",IF(Activities!$H62="Both","👥 ","")))&Activities!$B62&CHAR(10)&REPT("●",Activities!$F62),"") | K61: =IF(AND(Activities!$A62<>"",IF(Activities!$E62<>"",ISNUMBER(SEARCH(",9,",","&Activities!$E62&",")),AND(Activities!$C62<=9,Activities!$D62>=9))),IF(Activities!$H62="Coaches","🌱 ",IF(Activities!$H62="Coordinators","⚙️ ",IF(Activities!$H62="Both","👥 ","")))&Activities!$B62&CHAR(10)&REPT("●",Activities!$F62),"") | L61: =IF(AND(Activities!$A62<>"",IF(Activities!$E62<>"",ISNUMBER(SEARCH(",10,",","&Activities!$E62&",")),AND(Activities!$C62<=10,Activities!$D62>=10))),IF(Activities!$H62="Coaches","🌱 ",IF(Activities!$H62="Coordinators","⚙️ ",IF(Activities!$H62="Both","👥 ","")))&Activities!$B62&CHAR(10)&REPT("●",Activities!$F62),"") | M61: =IF(AND(Activities!$A62<>"",IF(Activities!$E62<>"",ISNUMBER(SEARCH(",11,",","&Activities!$E62&",")),AND(Activities!$C62<=11,Activities!$D62>=11))),IF(Activities!$H62="Coaches","🌱 ",IF(Activities!$H62="Coordinators","⚙️ ",IF(Activities!$H62="Both","👥 ","")))&Activities!$B62&CHAR(10)&REPT("●",Activities!$F62),"") | N61: =IF(AND(Activities!$A62<>"",IF(Activities!$E62<>"",ISNUMBER(SEARCH(",12,",","&Activities!$E62&",")),AND(Activities!$C62<=12,Activities!$D62>=12))),IF(Activities!$H62="Coaches","🌱 ",IF(Activities!$H62="Coordinators","⚙️ ",IF(Activities!$H62="Both","👥 ","")))&Activities!$B62&CHAR(10)&REPT("●",Activities!$F62),"")
A62: =IF(Activities!$A63<>"",Activities!$A63,"") | B62: =IF(Activities!$B63<>"",Activities!$B63,"") | C62: =IF(AND(Activities!$A63<>"",IF(Activities!$E63<>"",ISNUMBER(SEARCH(",1,",","&Activities!$E63&",")),AND(Activities!$C63<=1,Activities!$D63>=1))),IF(Activities!$H63="Coaches","🌱 ",IF(Activities!$H63="Coordinators","⚙️ ",IF(Activities!$H63="Both","👥 ","")))&Activities!$B63&CHAR(10)&REPT("●",Activities!$F63),"") | D62: =IF(AND(Activities!$A63<>"",IF(Activities!$E63<>"",ISNUMBER(SEARCH(",2,",","&Activities!$E63&",")),AND(Activities!$C63<=2,Activities!$D63>=2))),IF(Activities!$H63="Coaches","🌱 ",IF(Activities!$H63="Coordinators","⚙️ ",IF(Activities!$H63="Both","👥 ","")))&Activities!$B63&CHAR(10)&REPT("●",Activities!$F63),"") | E62: =IF(AND(Activities!$A63<>"",IF(Activities!$E63<>"",ISNUMBER(SEARCH(",3,",","&Activities!$E63&",")),AND(Activities!$C63<=3,Activities!$D63>=3))),IF(Activities!$H63="Coaches","🌱 ",IF(Activities!$H63="Coordinators","⚙️ ",IF(Activities!$H63="Both","👥 ","")))&Activities!$B63&CHAR(10)&REPT("●",Activities!$F63),"") | F62: =IF(AND(Activities!$A63<>"",IF(Activities!$E63<>"",ISNUMBER(SEARCH(",4,",","&Activities!$E63&",")),AND(Activities!$C63<=4,Activities!$D63>=4))),IF(Activities!$H63="Coaches","🌱 ",IF(Activities!$H63="Coordinators","⚙️ ",IF(Activities!$H63="Both","👥 ","")))&Activities!$B63&CHAR(10)&REPT("●",Activities!$F63),"") | G62: =IF(AND(Activities!$A63<>"",IF(Activities!$E63<>"",ISNUMBER(SEARCH(",5,",","&Activities!$E63&",")),AND(Activities!$C63<=5,Activities!$D63>=5))),IF(Activities!$H63="Coaches","🌱 ",IF(Activities!$H63="Coordinators","⚙️ ",IF(Activities!$H63="Both","👥 ","")))&Activities!$B63&CHAR(10)&REPT("●",Activities!$F63),"") | H62: =IF(AND(Activities!$A63<>"",IF(Activities!$E63<>"",ISNUMBER(SEARCH(",6,",","&Activities!$E63&",")),AND(Activities!$C63<=6,Activities!$D63>=6))),IF(Activities!$H63="Coaches","🌱 ",IF(Activities!$H63="Coordinators","⚙️ ",IF(Activities!$H63="Both","👥 ","")))&Activities!$B63&CHAR(10)&REPT("●",Activities!$F63),"") | I62: =IF(AND(Activities!$A63<>"",IF(Activities!$E63<>"",ISNUMBER(SEARCH(",7,",","&Activities!$E63&",")),AND(Activities!$C63<=7,Activities!$D63>=7))),IF(Activities!$H63="Coaches","🌱 ",IF(Activities!$H63="Coordinators","⚙️ ",IF(Activities!$H63="Both","👥 ","")))&Activities!$B63&CHAR(10)&REPT("●",Activities!$F63),"") | J62: =IF(AND(Activities!$A63<>"",IF(Activities!$E63<>"",ISNUMBER(SEARCH(",8,",","&Activities!$E63&",")),AND(Activities!$C63<=8,Activities!$D63>=8))),IF(Activities!$H63="Coaches","🌱 ",IF(Activities!$H63="Coordinators","⚙️ ",IF(Activities!$H63="Both","👥 ","")))&Activities!$B63&CHAR(10)&REPT("●",Activities!$F63),"") | K62: =IF(AND(Activities!$A63<>"",IF(Activities!$E63<>"",ISNUMBER(SEARCH(",9,",","&Activities!$E63&",")),AND(Activities!$C63<=9,Activities!$D63>=9))),IF(Activities!$H63="Coaches","🌱 ",IF(Activities!$H63="Coordinators","⚙️ ",IF(Activities!$H63="Both","👥 ","")))&Activities!$B63&CHAR(10)&REPT("●",Activities!$F63),"") | L62: =IF(AND(Activities!$A63<>"",IF(Activities!$E63<>"",ISNUMBER(SEARCH(",10,",","&Activities!$E63&",")),AND(Activities!$C63<=10,Activities!$D63>=10))),IF(Activities!$H63="Coaches","🌱 ",IF(Activities!$H63="Coordinators","⚙️ ",IF(Activities!$H63="Both","👥 ","")))&Activities!$B63&CHAR(10)&REPT("●",Activities!$F63),"") | M62: =IF(AND(Activities!$A63<>"",IF(Activities!$E63<>"",ISNUMBER(SEARCH(",11,",","&Activities!$E63&",")),AND(Activities!$C63<=11,Activities!$D63>=11))),IF(Activities!$H63="Coaches","🌱 ",IF(Activities!$H63="Coordinators","⚙️ ",IF(Activities!$H63="Both","👥 ","")))&Activities!$B63&CHAR(10)&REPT("●",Activities!$F63),"") | N62: =IF(AND(Activities!$A63<>"",IF(Activities!$E63<>"",ISNUMBER(SEARCH(",12,",","&Activities!$E63&",")),AND(Activities!$C63<=12,Activities!$D63>=12))),IF(Activities!$H63="Coaches","🌱 ",IF(Activities!$H63="Coordinators","⚙️ ",IF(Activities!$H63="Both","👥 ","")))&Activities!$B63&CHAR(10)&REPT("●",Activities!$F63),"")
A63: =IF(Activities!$A64<>"",Activities!$A64,"") | B63: =IF(Activities!$B64<>"",Activities!$B64,"") | C63: =IF(AND(Activities!$A64<>"",IF(Activities!$E64<>"",ISNUMBER(SEARCH(",1,",","&Activities!$E64&",")),AND(Activities!$C64<=1,Activities!$D64>=1))),IF(Activities!$H64="Coaches","🌱 ",IF(Activities!$H64="Coordinators","⚙️ ",IF(Activities!$H64="Both","👥 ","")))&Activities!$B64&CHAR(10)&REPT("●",Activities!$F64),"") | D63: =IF(AND(Activities!$A64<>"",IF(Activities!$E64<>"",ISNUMBER(SEARCH(",2,",","&Activities!$E64&",")),AND(Activities!$C64<=2,Activities!$D64>=2))),IF(Activities!$H64="Coaches","🌱 ",IF(Activities!$H64="Coordinators","⚙️ ",IF(Activities!$H64="Both","👥 ","")))&Activities!$B64&CHAR(10)&REPT("●",Activities!$F64),"") | E63: =IF(AND(Activities!$A64<>"",IF(Activities!$E64<>"",ISNUMBER(SEARCH(",3,",","&Activities!$E64&",")),AND(Activities!$C64<=3,Activities!$D64>=3))),IF(Activities!$H64="Coaches","🌱 ",IF(Activities!$H64="Coordinators","⚙️ ",IF(Activities!$H64="Both","👥 ","")))&Activities!$B64&CHAR(10)&REPT("●",Activities!$F64),"") | F63: =IF(AND(Activities!$A64<>"",IF(Activities!$E64<>"",ISNUMBER(SEARCH(",4,",","&Activities!$E64&",")),AND(Activities!$C64<=4,Activities!$D64>=4))),IF(Activities!$H64="Coaches","🌱 ",IF(Activities!$H64="Coordinators","⚙️ ",IF(Activities!$H64="Both","👥 ","")))&Activities!$B64&CHAR(10)&REPT("●",Activities!$F64),"") | G63: =IF(AND(Activities!$A64<>"",IF(Activities!$E64<>"",ISNUMBER(SEARCH(",5,",","&Activities!$E64&",")),AND(Activities!$C64<=5,Activities!$D64>=5))),IF(Activities!$H64="Coaches","🌱 ",IF(Activities!$H64="Coordinators","⚙️ ",IF(Activities!$H64="Both","👥 ","")))&Activities!$B64&CHAR(10)&REPT("●",Activities!$F64),"") | H63: =IF(AND(Activities!$A64<>"",IF(Activities!$E64<>"",ISNUMBER(SEARCH(",6,",","&Activities!$E64&",")),AND(Activities!$C64<=6,Activities!$D64>=6))),IF(Activities!$H64="Coaches","🌱 ",IF(Activities!$H64="Coordinators","⚙️ ",IF(Activities!$H64="Both","👥 ","")))&Activities!$B64&CHAR(10)&REPT("●",Activities!$F64),"") | I63: =IF(AND(Activities!$A64<>"",IF(Activities!$E64<>"",ISNUMBER(SEARCH(",7,",","&Activities!$E64&",")),AND(Activities!$C64<=7,Activities!$D64>=7))),IF(Activities!$H64="Coaches","🌱 ",IF(Activities!$H64="Coordinators","⚙️ ",IF(Activities!$H64="Both","👥 ","")))&Activities!$B64&CHAR(10)&REPT("●",Activities!$F64),"") | J63: =IF(AND(Activities!$A64<>"",IF(Activities!$E64<>"",ISNUMBER(SEARCH(",8,",","&Activities!$E64&",")),AND(Activities!$C64<=8,Activities!$D64>=8))),IF(Activities!$H64="Coaches","🌱 ",IF(Activities!$H64="Coordinators","⚙️ ",IF(Activities!$H64="Both","👥 ","")))&Activities!$B64&CHAR(10)&REPT("●",Activities!$F64),"") | K63: =IF(AND(Activities!$A64<>"",IF(Activities!$E64<>"",ISNUMBER(SEARCH(",9,",","&Activities!$E64&",")),AND(Activities!$C64<=9,Activities!$D64>=9))),IF(Activities!$H64="Coaches","🌱 ",IF(Activities!$H64="Coordinators","⚙️ ",IF(Activities!$H64="Both","👥 ","")))&Activities!$B64&CHAR(10)&REPT("●",Activities!$F64),"") | L63: =IF(AND(Activities!$A64<>"",IF(Activities!$E64<>"",ISNUMBER(SEARCH(",10,",","&Activities!$E64&",")),AND(Activities!$C64<=10,Activities!$D64>=10))),IF(Activities!$H64="Coaches","🌱 ",IF(Activities!$H64="Coordinators","⚙️ ",IF(Activities!$H64="Both","👥 ","")))&Activities!$B64&CHAR(10)&REPT("●",Activities!$F64),"") | M63: =IF(AND(Activities!$A64<>"",IF(Activities!$E64<>"",ISNUMBER(SEARCH(",11,",","&Activities!$E64&",")),AND(Activities!$C64<=11,Activities!$D64>=11))),IF(Activities!$H64="Coaches","🌱 ",IF(Activities!$H64="Coordinators","⚙️ ",IF(Activities!$H64="Both","👥 ","")))&Activities!$B64&CHAR(10)&REPT("●",Activities!$F64),"") | N63: =IF(AND(Activities!$A64<>"",IF(Activities!$E64<>"",ISNUMBER(SEARCH(",12,",","&Activities!$E64&",")),AND(Activities!$C64<=12,Activities!$D64>=12))),IF(Activities!$H64="Coaches","🌱 ",IF(Activities!$H64="Coordinators","⚙️ ",IF(Activities!$H64="Both","👥 ","")))&Activities!$B64&CHAR(10)&REPT("●",Activities!$F64),"")
A64: =IF(Activities!$A65<>"",Activities!$A65,"") | B64: =IF(Activities!$B65<>"",Activities!$B65,"") | C64: =IF(AND(Activities!$A65<>"",IF(Activities!$E65<>"",ISNUMBER(SEARCH(",1,",","&Activities!$E65&",")),AND(Activities!$C65<=1,Activities!$D65>=1))),IF(Activities!$H65="Coaches","🌱 ",IF(Activities!$H65="Coordinators","⚙️ ",IF(Activities!$H65="Both","👥 ","")))&Activities!$B65&CHAR(10)&REPT("●",Activities!$F65),"") | D64: =IF(AND(Activities!$A65<>"",IF(Activities!$E65<>"",ISNUMBER(SEARCH(",2,",","&Activities!$E65&",")),AND(Activities!$C65<=2,Activities!$D65>=2))),IF(Activities!$H65="Coaches","🌱 ",IF(Activities!$H65="Coordinators","⚙️ ",IF(Activities!$H65="Both","👥 ","")))&Activities!$B65&CHAR(10)&REPT("●",Activities!$F65),"") | E64: =IF(AND(Activities!$A65<>"",IF(Activities!$E65<>"",ISNUMBER(SEARCH(",3,",","&Activities!$E65&",")),AND(Activities!$C65<=3,Activities!$D65>=3))),IF(Activities!$H65="Coaches","🌱 ",IF(Activities!$H65="Coordinators","⚙️ ",IF(Activities!$H65="Both","👥 ","")))&Activities!$B65&CHAR(10)&REPT("●",Activities!$F65),"") | F64: =IF(AND(Activities!$A65<>"",IF(Activities!$E65<>"",ISNUMBER(SEARCH(",4,",","&Activities!$E65&",")),AND(Activities!$C65<=4,Activities!$D65>=4))),IF(Activities!$H65="Coaches","🌱 ",IF(Activities!$H65="Coordinators","⚙️ ",IF(Activities!$H65="Both","👥 ","")))&Activities!$B65&CHAR(10)&REPT("●",Activities!$F65),"") | G64: =IF(AND(Activities!$A65<>"",IF(Activities!$E65<>"",ISNUMBER(SEARCH(",5,",","&Activities!$E65&",")),AND(Activities!$C65<=5,Activities!$D65>=5))),IF(Activities!$H65="Coaches","🌱 ",IF(Activities!$H65="Coordinators","⚙️ ",IF(Activities!$H65="Both","👥 ","")))&Activities!$B65&CHAR(10)&REPT("●",Activities!$F65),"") | H64: =IF(AND(Activities!$A65<>"",IF(Activities!$E65<>"",ISNUMBER(SEARCH(",6,",","&Activities!$E65&",")),AND(Activities!$C65<=6,Activities!$D65>=6))),IF(Activities!$H65="Coaches","🌱 ",IF(Activities!$H65="Coordinators","⚙️ ",IF(Activities!$H65="Both","👥 ","")))&Activities!$B65&CHAR(10)&REPT("●",Activities!$F65),"") | I64: =IF(AND(Activities!$A65<>"",IF(Activities!$E65<>"",ISNUMBER(SEARCH(",7,",","&Activities!$E65&",")),AND(Activities!$C65<=7,Activities!$D65>=7))),IF(Activities!$H65="Coaches","🌱 ",IF(Activities!$H65="Coordinators","⚙️ ",IF(Activities!$H65="Both","👥 ","")))&Activities!$B65&CHAR(10)&REPT("●",Activities!$F65),"") | J64: =IF(AND(Activities!$A65<>"",IF(Activities!$E65<>"",ISNUMBER(SEARCH(",8,",","&Activities!$E65&",")),AND(Activities!$C65<=8,Activities!$D65>=8))),IF(Activities!$H65="Coaches","🌱 ",IF(Activities!$H65="Coordinators","⚙️ ",IF(Activities!$H65="Both","👥 ","")))&Activities!$B65&CHAR(10)&REPT("●",Activities!$F65),"") | K64: =IF(AND(Activities!$A65<>"",IF(Activities!$E65<>"",ISNUMBER(SEARCH(",9,",","&Activities!$E65&",")),AND(Activities!$C65<=9,Activities!$D65>=9))),IF(Activities!$H65="Coaches","🌱 ",IF(Activities!$H65="Coordinators","⚙️ ",IF(Activities!$H65="Both","👥 ","")))&Activities!$B65&CHAR(10)&REPT("●",Activities!$F65),"") | L64: =IF(AND(Activities!$A65<>"",IF(Activities!$E65<>"",ISNUMBER(SEARCH(",10,",","&Activities!$E65&",")),AND(Activities!$C65<=10,Activities!$D65>=10))),IF(Activities!$H65="Coaches","🌱 ",IF(Activities!$H65="Coordinators","⚙️ ",IF(Activities!$H65="Both","👥 ","")))&Activities!$B65&CHAR(10)&REPT("●",Activities!$F65),"") | M64: =IF(AND(Activities!$A65<>"",IF(Activities!$E65<>"",ISNUMBER(SEARCH(",11,",","&Activities!$E65&",")),AND(Activities!$C65<=11,Activities!$D65>=11))),IF(Activities!$H65="Coaches","🌱 ",IF(Activities!$H65="Coordinators","⚙️ ",IF(Activities!$H65="Both","👥 ","")))&Activities!$B65&CHAR(10)&REPT("●",Activities!$F65),"") | N64: =IF(AND(Activities!$A65<>"",IF(Activities!$E65<>"",ISNUMBER(SEARCH(",12,",","&Activities!$E65&",")),AND(Activities!$C65<=12,Activities!$D65>=12))),IF(Activities!$H65="Coaches","🌱 ",IF(Activities!$H65="Coordinators","⚙️ ",IF(Activities!$H65="Both","👥 ","")))&Activities!$B65&CHAR(10)&REPT("●",Activities!$F65),"")
A65: =IF(Activities!$A66<>"",Activities!$A66,"") | B65: =IF(Activities!$B66<>"",Activities!$B66,"") | C65: =IF(AND(Activities!$A66<>"",IF(Activities!$E66<>"",ISNUMBER(SEARCH(",1,",","&Activities!$E66&",")),AND(Activities!$C66<=1,Activities!$D66>=1))),IF(Activities!$H66="Coaches","🌱 ",IF(Activities!$H66="Coordinators","⚙️ ",IF(Activities!$H66="Both","👥 ","")))&Activities!$B66&CHAR(10)&REPT("●",Activities!$F66),"") | D65: =IF(AND(Activities!$A66<>"",IF(Activities!$E66<>"",ISNUMBER(SEARCH(",2,",","&Activities!$E66&",")),AND(Activities!$C66<=2,Activities!$D66>=2))),IF(Activities!$H66="Coaches","🌱 ",IF(Activities!$H66="Coordinators","⚙️ ",IF(Activities!$H66="Both","👥 ","")))&Activities!$B66&CHAR(10)&REPT("●",Activities!$F66),"") | E65: =IF(AND(Activities!$A66<>"",IF(Activities!$E66<>"",ISNUMBER(SEARCH(",3,",","&Activities!$E66&",")),AND(Activities!$C66<=3,Activities!$D66>=3))),IF(Activities!$H66="Coaches","🌱 ",IF(Activities!$H66="Coordinators","⚙️ ",IF(Activities!$H66="Both","👥 ","")))&Activities!$B66&CHAR(10)&REPT("●",Activities!$F66),"") | F65: =IF(AND(Activities!$A66<>"",IF(Activities!$E66<>"",ISNUMBER(SEARCH(",4,",","&Activities!$E66&",")),AND(Activities!$C66<=4,Activities!$D66>=4))),IF(Activities!$H66="Coaches","🌱 ",IF(Activities!$H66="Coordinators","⚙️ ",IF(Activities!$H66="Both","👥 ","")))&Activities!$B66&CHAR(10)&REPT("●",Activities!$F66),"") | G65: =IF(AND(Activities!$A66<>"",IF(Activities!$E66<>"",ISNUMBER(SEARCH(",5,",","&Activities!$E66&",")),AND(Activities!$C66<=5,Activities!$D66>=5))),IF(Activities!$H66="Coaches","🌱 ",IF(Activities!$H66="Coordinators","⚙️ ",IF(Activities!$H66="Both","👥 ","")))&Activities!$B66&CHAR(10)&REPT("●",Activities!$F66),"") | H65: =IF(AND(Activities!$A66<>"",IF(Activities!$E66<>"",ISNUMBER(SEARCH(",6,",","&Activities!$E66&",")),AND(Activities!$C66<=6,Activities!$D66>=6))),IF(Activities!$H66="Coaches","🌱 ",IF(Activities!$H66="Coordinators","⚙️ ",IF(Activities!$H66="Both","👥 ","")))&Activities!$B66&CHAR(10)&REPT("●",Activities!$F66),"") | I65: =IF(AND(Activities!$A66<>"",IF(Activities!$E66<>"",ISNUMBER(SEARCH(",7,",","&Activities!$E66&",")),AND(Activities!$C66<=7,Activities!$D66>=7))),IF(Activities!$H66="Coaches","🌱 ",IF(Activities!$H66="Coordinators","⚙️ ",IF(Activities!$H66="Both","👥 ","")))&Activities!$B66&CHAR(10)&REPT("●",Activities!$F66),"") | J65: =IF(AND(Activities!$A66<>"",IF(Activities!$E66<>"",ISNUMBER(SEARCH(",8,",","&Activities!$E66&",")),AND(Activities!$C66<=8,Activities!$D66>=8))),IF(Activities!$H66="Coaches","🌱 ",IF(Activities!$H66="Coordinators","⚙️ ",IF(Activities!$H66="Both","👥 ","")))&Activities!$B66&CHAR(10)&REPT("●",Activities!$F66),"") | K65: =IF(AND(Activities!$A66<>"",IF(Activities!$E66<>"",ISNUMBER(SEARCH(",9,",","&Activities!$E66&",")),AND(Activities!$C66<=9,Activities!$D66>=9))),IF(Activities!$H66="Coaches","🌱 ",IF(Activities!$H66="Coordinators","⚙️ ",IF(Activities!$H66="Both","👥 ","")))&Activities!$B66&CHAR(10)&REPT("●",Activities!$F66),"") | L65: =IF(AND(Activities!$A66<>"",IF(Activities!$E66<>"",ISNUMBER(SEARCH(",10,",","&Activities!$E66&",")),AND(Activities!$C66<=10,Activities!$D66>=10))),IF(Activities!$H66="Coaches","🌱 ",IF(Activities!$H66="Coordinators","⚙️ ",IF(Activities!$H66="Both","👥 ","")))&Activities!$B66&CHAR(10)&REPT("●",Activities!$F66),"") | M65: =IF(AND(Activities!$A66<>"",IF(Activities!$E66<>"",ISNUMBER(SEARCH(",11,",","&Activities!$E66&",")),AND(Activities!$C66<=11,Activities!$D66>=11))),IF(Activities!$H66="Coaches","🌱 ",IF(Activities!$H66="Coordinators","⚙️ ",IF(Activities!$H66="Both","👥 ","")))&Activities!$B66&CHAR(10)&REPT("●",Activities!$F66),"") | N65: =IF(AND(Activities!$A66<>"",IF(Activities!$E66<>"",ISNUMBER(SEARCH(",12,",","&Activities!$E66&",")),AND(Activities!$C66<=12,Activities!$D66>=12))),IF(Activities!$H66="Coaches","🌱 ",IF(Activities!$H66="Coordinators","⚙️ ",IF(Activities!$H66="Both","👥 ","")))&Activities!$B66&CHAR(10)&REPT("●",Activities!$F66),"")
A66: =IF(Activities!$A67<>"",Activities!$A67,"") | B66: =IF(Activities!$B67<>"",Activities!$B67,"") | C66: =IF(AND(Activities!$A67<>"",IF(Activities!$E67<>"",ISNUMBER(SEARCH(",1,",","&Activities!$E67&",")),AND(Activities!$C67<=1,Activities!$D67>=1))),IF(Activities!$H67="Coaches","🌱 ",IF(Activities!$H67="Coordinators","⚙️ ",IF(Activities!$H67="Both","👥 ","")))&Activities!$B67&CHAR(10)&REPT("●",Activities!$F67),"") | D66: =IF(AND(Activities!$A67<>"",IF(Activities!$E67<>"",ISNUMBER(SEARCH(",2,",","&Activities!$E67&",")),AND(Activities!$C67<=2,Activities!$D67>=2))),IF(Activities!$H67="Coaches","🌱 ",IF(Activities!$H67="Coordinators","⚙️ ",IF(Activities!$H67="Both","👥 ","")))&Activities!$B67&CHAR(10)&REPT("●",Activities!$F67),"") | E66: =IF(AND(Activities!$A67<>"",IF(Activities!$E67<>"",ISNUMBER(SEARCH(",3,",","&Activities!$E67&",")),AND(Activities!$C67<=3,Activities!$D67>=3))),IF(Activities!$H67="Coaches","🌱 ",IF(Activities!$H67="Coordinators","⚙️ ",IF(Activities!$H67="Both","👥 ","")))&Activities!$B67&CHAR(10)&REPT("●",Activities!$F67),"") | F66: =IF(AND(Activities!$A67<>"",IF(Activities!$E67<>"",ISNUMBER(SEARCH(",4,",","&Activities!$E67&",")),AND(Activities!$C67<=4,Activities!$D67>=4))),IF(Activities!$H67="Coaches","🌱 ",IF(Activities!$H67="Coordinators","⚙️ ",IF(Activities!$H67="Both","👥 ","")))&Activities!$B67&CHAR(10)&REPT("●",Activities!$F67),"") | G66: =IF(AND(Activities!$A67<>"",IF(Activities!$E67<>"",ISNUMBER(SEARCH(",5,",","&Activities!$E67&",")),AND(Activities!$C67<=5,Activities!$D67>=5))),IF(Activities!$H67="Coaches","🌱 ",IF(Activities!$H67="Coordinators","⚙️ ",IF(Activities!$H67="Both","👥 ","")))&Activities!$B67&CHAR(10)&REPT("●",Activities!$F67),"") | H66: =IF(AND(Activities!$A67<>"",IF(Activities!$E67<>"",ISNUMBER(SEARCH(",6,",","&Activities!$E67&",")),AND(Activities!$C67<=6,Activities!$D67>=6))),IF(Activities!$H67="Coaches","🌱 ",IF(Activities!$H67="Coordinators","⚙️ ",IF(Activities!$H67="Both","👥 ","")))&Activities!$B67&CHAR(10)&REPT("●",Activities!$F67),"") | I66: =IF(AND(Activities!$A67<>"",IF(Activities!$E67<>"",ISNUMBER(SEARCH(",7,",","&Activities!$E67&",")),AND(Activities!$C67<=7,Activities!$D67>=7))),IF(Activities!$H67="Coaches","🌱 ",IF(Activities!$H67="Coordinators","⚙️ ",IF(Activities!$H67="Both","👥 ","")))&Activities!$B67&CHAR(10)&REPT("●",Activities!$F67),"") | J66: =IF(AND(Activities!$A67<>"",IF(Activities!$E67<>"",ISNUMBER(SEARCH(",8,",","&Activities!$E67&",")),AND(Activities!$C67<=8,Activities!$D67>=8))),IF(Activities!$H67="Coaches","🌱 ",IF(Activities!$H67="Coordinators","⚙️ ",IF(Activities!$H67="Both","👥 ","")))&Activities!$B67&CHAR(10)&REPT("●",Activities!$F67),"") | K66: =IF(AND(Activities!$A67<>"",IF(Activities!$E67<>"",ISNUMBER(SEARCH(",9,",","&Activities!$E67&",")),AND(Activities!$C67<=9,Activities!$D67>=9))),IF(Activities!$H67="Coaches","🌱 ",IF(Activities!$H67="Coordinators","⚙️ ",IF(Activities!$H67="Both","👥 ","")))&Activities!$B67&CHAR(10)&REPT("●",Activities!$F67),"") | L66: =IF(AND(Activities!$A67<>"",IF(Activities!$E67<>"",ISNUMBER(SEARCH(",10,",","&Activities!$E67&",")),AND(Activities!$C67<=10,Activities!$D67>=10))),IF(Activities!$H67="Coaches","🌱 ",IF(Activities!$H67="Coordinators","⚙️ ",IF(Activities!$H67="Both","👥 ","")))&Activities!$B67&CHAR(10)&REPT("●",Activities!$F67),"") | M66: =IF(AND(Activities!$A67<>"",IF(Activities!$E67<>"",ISNUMBER(SEARCH(",11,",","&Activities!$E67&",")),AND(Activities!$C67<=11,Activities!$D67>=11))),IF(Activities!$H67="Coaches","🌱 ",IF(Activities!$H67="Coordinators","⚙️ ",IF(Activities!$H67="Both","👥 ","")))&Activities!$B67&CHAR(10)&REPT("●",Activities!$F67),"") | N66: =IF(AND(Activities!$A67<>"",IF(Activities!$E67<>"",ISNUMBER(SEARCH(",12,",","&Activities!$E67&",")),AND(Activities!$C67<=12,Activities!$D67>=12))),IF(Activities!$H67="Coaches","🌱 ",IF(Activities!$H67="Coordinators","⚙️ ",IF(Activities!$H67="Both","👥 ","")))&Activities!$B67&CHAR(10)&REPT("●",Activities!$F67),"")
... A104: =IF(Activities!$A105<>"",Activities!$A105,"") | B104: =IF(Activities!$B105<>"",Activities!$B105,"") | C104: =IF(AND(Activities!$A105<>"",IF(Activities!$E105<>"",ISNUMBER(SEARCH(",1,",","&Activities!$E105&",")),AND(Activities!$C105<=1,Activities!$D105>=1))),IF(Activities!$H105="Coaches","🌱 ",IF(Activities!$H105="Coordinators","⚙️ ",IF(Activities!$H105="Both","👥 ","")))&Activities!$B105&CHAR(10)&REPT("●",Activities!$F105),"") | D104: =IF(AND(Activities!$A105<>"",IF(Activities!$E105<>"",ISNUMBER(SEARCH(",2,",","&Activities!$E105&",")),AND(Activities!$C105<=2,Activities!$D105>=2))),IF(Activities!$H105="Coaches","🌱 ",IF(Activities!$H105="Coordinators","⚙️ ",IF(Activities!$H105="Both","👥 ","")))&Activities!$B105&CHAR(10)&REPT("●",Activities!$F105),"") | E104: =IF(AND(Activities!$A105<>"",IF(Activities!$E105<>"",ISNUMBER(SEARCH(",3,",","&Activities!$E105&",")),AND(Activities!$C105<=3,Activities!$D105>=3))),IF(Activities!$H105="Coaches","🌱 ",IF(Activities!$H105="Coordinators","⚙️ ",IF(Activities!$H105="Both","👥 ","")))&Activities!$B105&CHAR(10)&REPT("●",Activities!$F105),"") | F104: =IF(AND(Activities!$A105<>"",IF(Activities!$E105<>"",ISNUMBER(SEARCH(",4,",","&Activities!$E105&",")),AND(Activities!$C105<=4,Activities!$D105>=4))),IF(Activities!$H105="Coaches","🌱 ",IF(Activities!$H105="Coordinators","⚙️ ",IF(Activities!$H105="Both","👥 ","")))&Activities!$B105&CHAR(10)&REPT("●",Activities!$F105),"") | G104: =IF(AND(Activities!$A105<>"",IF(Activities!$E105<>"",ISNUMBER(SEARCH(",5,",","&Activities!$E105&",")),AND(Activities!$C105<=5,Activities!$D105>=5))),IF(Activities!$H105="Coaches","🌱 ",IF(Activities!$H105="Coordinators","⚙️ ",IF(Activities!$H105="Both","👥 ","")))&Activities!$B105&CHAR(10)&REPT("●",Activities!$F105),"") | H104: =IF(AND(Activities!$A105<>"",IF(Activities!$E105<>"",ISNUMBER(SEARCH(",6,",","&Activities!$E105&",")),AND(Activities!$C105<=6,Activities!$D105>=6))),IF(Activities!$H105="Coaches","🌱 ",IF(Activities!$H105="Coordinators","⚙️ ",IF(Activities!$H105="Both","👥 ","")))&Activities!$B105&CHAR(10)&REPT("●",Activities!$F105),"") | I104: =IF(AND(Activities!$A105<>"",IF(Activities!$E105<>"",ISNUMBER(SEARCH(",7,",","&Activities!$E105&",")),AND(Activities!$C105<=7,Activities!$D105>=7))),IF(Activities!$H105="Coaches","🌱 ",IF(Activities!$H105="Coordinators","⚙️ ",IF(Activities!$H105="Both","👥 ","")))&Activities!$B105&CHAR(10)&REPT("●",Activities!$F105),"") | J104: =IF(AND(Activities!$A105<>"",IF(Activities!$E105<>"",ISNUMBER(SEARCH(",8,",","&Activities!$E105&",")),AND(Activities!$C105<=8,Activities!$D105>=8))),IF(Activities!$H105="Coaches","🌱 ",IF(Activities!$H105="Coordinators","⚙️ ",IF(Activities!$H105="Both","👥 ","")))&Activities!$B105&CHAR(10)&REPT("●",Activities!$F105),"") | K104: =IF(AND(Activities!$A105<>"",IF(Activities!$E105<>"",ISNUMBER(SEARCH(",9,",","&Activities!$E105&",")),AND(Activities!$C105<=9,Activities!$D105>=9))),IF(Activities!$H105="Coaches","🌱 ",IF(Activities!$H105="Coordinators","⚙️ ",IF(Activities!$H105="Both","👥 ","")))&Activities!$B105&CHAR(10)&REPT("●",Activities!$F105),"") | L104: =IF(AND(Activities!$A105<>"",IF(Activities!$E105<>"",ISNUMBER(SEARCH(",10,",","&Activities!$E105&",")),AND(Activities!$C105<=10,Activities!$D105>=10))),IF(Activities!$H105="Coaches","🌱 ",IF(Activities!$H105="Coordinators","⚙️ ",IF(Activities!$H105="Both","👥 ","")))&Activities!$B105&CHAR(10)&REPT("●",Activities!$F105),"") | M104: =IF(AND(Activities!$A105<>"",IF(Activities!$E105<>"",ISNUMBER(SEARCH(",11,",","&Activities!$E105&",")),AND(Activities!$C105<=11,Activities!$D105>=11))),IF(Activities!$H105="Coaches","🌱 ",IF(Activities!$H105="Coordinators","⚙️ ",IF(Activities!$H105="Both","👥 ","")))&Activities!$B105&CHAR(10)&REPT("●",Activities!$F105),"") | N104: =IF(AND(Activities!$A105<>"",IF(Activities!$E105<>"",ISNUMBER(SEARCH(",12,",","&Activities!$E105&",")),AND(Activities!$C105<=12,Activities!$D105>=12))),IF(Activities!$H105="Coaches","🌱 ",IF(Activities!$H105="Coordinators","⚙️ ",IF(Activities!$H105="Both","👥 ","")))&Activities!$B105&CHAR(10)&REPT("●",Activities!$F105),"")
A106: Coaches | B106: Effort load: Coaches + Both | C106: {=SUMPRODUCT((C$5:C$104<>"")*(Activities!$G$5:$G$104<>"Yes")*((Activities!$H$5:$H$104="Coaches")+(Activities!$H$5:$H$104="Both"))*Activities!$F$5:$F$104)} -> 6 | D106: {=SUMPRODUCT((D$5:D$104<>"")*(Activities!$G$5:$G$104<>"Yes")*((Activities!$H$5:$H$104="Coaches")+(Activities!$H$5:$H$104="Both"))*Activities!$F$5:$F$104)} -> 13 | E106: {=SUMPRODUCT((E$5:E$104<>"")*(Activities!$G$5:$G$104<>"Yes")*((Activities!$H$5:$H$104="Coaches")+(Activities!$H$5:$H$104="Both"))*Activities!$F$5:$F$104)} -> 19 | F106: {=SUMPRODUCT((F$5:F$104<>"")*(Activities!$G$5:$G$104<>"Yes")*((Activities!$H$5:$H$104="Coaches")+(Activities!$H$5:$H$104="Both"))*Activities!$F$5:$F$104)} -> 21 | G106: {=SUMPRODUCT((G$5:G$104<>"")*(Activities!$G$5:$G$104<>"Yes")*((Activities!$H$5:$H$104="Coaches")+(Activities!$H$5:$H$104="Both"))*Activities!$F$5:$F$104)} -> 14 | H106: {=SUMPRODUCT((H$5:H$104<>"")*(Activities!$G$5:$G$104<>"Yes")*((Activities!$H$5:$H$104="Coaches")+(Activities!$H$5:$H$104="Both"))*Activities!$F$5:$F$104)} -> 10 | I106: {=SUMPRODUCT((I$5:I$104<>"")*(Activities!$G$5:$G$104<>"Yes")*((Activities!$H$5:$H$104="Coaches")+(Activities!$H$5:$H$104="Both"))*Activities!$F$5:$F$104)} -> 17 | J106: {=SUMPRODUCT((J$5:J$104<>"")*(Activities!$G$5:$G$104<>"Yes")*((Activities!$H$5:$H$104="Coaches")+(Activities!$H$5:$H$104="Both"))*Activities!$F$5:$F$104)} -> 15 | ... N106: {=SUMPRODUCT((N$5:N$104<>"")*(Activities!$G$5:$G$104<>"Yes")*((Activities!$H$5:$H$104="Coaches")+(Activities!$H$5:$H$104="Both"))*Activities!$F$5:$F$104)} -> 10
A107: Coordinators | B107: Effort load: Coordinators + Both | C107: =SUMPRODUCT((C$5:C$104<>"")*(Activities!$G$5:$G$104<>"Yes")*((Activities!$H$5:$H$104="Coordinators")+(Activities!$H$5:$H$104="Both"))*Activities!$F$5:$F$104) -> 10 | D107: =SUMPRODUCT((D$5:D$104<>"")*(Activities!$G$5:$G$104<>"Yes")*((Activities!$H$5:$H$104="Coordinators")+(Activities!$H$5:$H$104="Both"))*Activities!$F$5:$F$104) -> 16 | E107: =SUMPRODUCT((E$5:E$104<>"")*(Activities!$G$5:$G$104<>"Yes")*((Activities!$H$5:$H$104="Coordinators")+(Activities!$H$5:$H$104="Both"))*Activities!$F$5:$F$104) -> 33 | F107: =SUMPRODUCT((F$5:F$104<>"")*(Activities!$G$5:$G$104<>"Yes")*((Activities!$H$5:$H$104="Coordinators")+(Activities!$H$5:$H$104="Both"))*Activities!$F$5:$F$104) -> 34 | G107: =SUMPRODUCT((G$5:G$104<>"")*(Activities!$G$5:$G$104<>"Yes")*((Activities!$H$5:$H$104="Coordinators")+(Activities!$H$5:$H$104="Both"))*Activities!$F$5:$F$104) -> 34 | H107: =SUMPRODUCT((H$5:H$104<>"")*(Activities!$G$5:$G$104<>"Yes")*((Activities!$H$5:$H$104="Coordinators")+(Activities!$H$5:$H$104="Both"))*Activities!$F$5:$F$104) -> 27 | I107: =SUMPRODUCT((I$5:I$104<>"")*(Activities!$G$5:$G$104<>"Yes")*((Activities!$H$5:$H$104="Coordinators")+(Activities!$H$5:$H$104="Both"))*Activities!$F$5:$F$104) -> 30 | J107: =SUMPRODUCT((J$5:J$104<>"")*(Activities!$G$5:$G$104<>"Yes")*((Activities!$H$5:$H$104="Coordinators")+(Activities!$H$5:$H$104="Both"))*Activities!$F$5:$F$104) -> 27 | ... N107: =SUMPRODUCT((N$5:N$104<>"")*(Activities!$G$5:$G$104<>"Yes")*((Activities!$H$5:$H$104="Coordinators")+(Activities!$H$5:$H$104="Both"))*Activities!$F$5:$F$104) -> 20
A108: Overall | B108: Effort load: Coaches + Coordinators + Both | C108: =SUMPRODUCT((C$5:C$104<>"")*(Activities!$G$5:$G$104<>"Yes")*((Activities!$H$5:$H$104="Coaches")+(Activities!$H$5:$H$104="Coordinators")+(Activities!$H$5:$H$104="Both"))*Activities!$F$5:$F$104) -> 14 | D108: =SUMPRODUCT((D$5:D$104<>"")*(Activities!$G$5:$G$104<>"Yes")*((Activities!$H$5:$H$104="Coaches")+(Activities!$H$5:$H$104="Coordinators")+(Activities!$H$5:$H$104="Both"))*Activities!$F$5:$F$104) -> 24 | E108: =SUMPRODUCT((E$5:E$104<>"")*(Activities!$G$5:$G$104<>"Yes")*((Activities!$H$5:$H$104="Coaches")+(Activities!$H$5:$H$104="Coordinators")+(Activities!$H$5:$H$104="Both"))*Activities!$F$5:$F$104) -> 48 | F108: =SUMPRODUCT((F$5:F$104<>"")*(Activities!$G$5:$G$104<>"Yes")*((Activities!$H$5:$H$104="Coaches")+(Activities!$H$5:$H$104="Coordinators")+(Activities!$H$5:$H$104="Both"))*Activities!$F$5:$F$104) -> 48 | G108: =SUMPRODUCT((G$5:G$104<>"")*(Activities!$G$5:$G$104<>"Yes")*((Activities!$H$5:$H$104="Coaches")+(Activities!$H$5:$H$104="Coordinators")+(Activities!$H$5:$H$104="Both"))*Activities!$F$5:$F$104) -> 43 | H108: =SUMPRODUCT((H$5:H$104<>"")*(Activities!$G$5:$G$104<>"Yes")*((Activities!$H$5:$H$104="Coaches")+(Activities!$H$5:$H$104="Coordinators")+(Activities!$H$5:$H$104="Both"))*Activities!$F$5:$F$104) -> 34 | I108: =SUMPRODUCT((I$5:I$104<>"")*(Activities!$G$5:$G$104<>"Yes")*((Activities!$H$5:$H$104="Coaches")+(Activities!$H$5:$H$104="Coordinators")+(Activities!$H$5:$H$104="Both"))*Activities!$F$5:$F$104) -> 43 | J108: =SUMPRODUCT((J$5:J$104<>"")*(Activities!$G$5:$G$104<>"Yes")*((Activities!$H$5:$H$104="Coaches")+(Activities!$H$5:$H$104="Coordinators")+(Activities!$H$5:$H$104="Both"))*Activities!$F$5:$F$104) -> 39 | ... N108: =SUMPRODUCT((N$5:N$104<>"")*(Activities!$G$5:$G$104<>"Yes")*((Activities!$H$5:$H$104="Coaches")+(Activities!$H$5:$H$104="Coordinators")+(Activities!$H$5:$H$104="Both"))*Activities!$F$5:$F$104) -> 26

Sheet Legend & how to use
A1: How to use this workbook
A3: To add an activity:
A4: Go to the Activities tab, scroll to the first empty row, and fill in Workstream, Activity, then EITHER Start month + End month (for continuous activities) OR Custom months (for irregular ones). Then add Effort and Milestone. The Gantt updates automatically.
A5: Continuous vs. irregular activities:
A6: If an activity runs continuously (e.g., Aug through Dec), use Start month and End month. If an activity happens at irregular intervals (e.g., Aug, Oct, Jan, and Mar), leave Start/End blank and type "8,10,1,3" in the Custom months column. Custom months overrides Start/End if both are filled.
A7: To remove an activity:
A8: Delete the row contents on the Activities tab. The Gantt bar disappears.
A9: To shift dates:
A10: Change the Start/End numbers, or edit the Custom months list. Bars update on the Gantt.
A11: Months use 1–12:
A12: 1=Jul, 2=Aug, 3=Sep, 4=Oct, 5=Nov, 6=Dec, 7=Jan, 8=Feb, 9=Mar, 10=Apr, 11=May, 12=Jun.
A13: Effort levels (1–4):
... A20: Workstream colors
B22: CTE Pathway, Scheduling & Funding
B23: Instructional Design, PBL & Defenses
B24: Pathway Strategy, Data & Certification
B25: Professional Learning & Leadership
B26: WBL Planning, Partnerships & Career Exposure
B27: Internships & Work Readiness
B28: WBL Operations, Logistics & Reporting
A31: Effort scale
A33: 1 | B33: Light | C33: Routine activity, minimal coordination
A34: 2 | B34: Moderate | C34: Standard workstream with regular touchpoints
A35: 3 | B35: Heavy | C35: Multiple deliverables, significant coordination
A36: 4 | B36: Peak | C36: Heavy lift; multiple deadlines or events converge
A39: Team impacted
A40: 🌱 | B40: Coaches
A41: ⚙️ | B41: Coordinators
A42: 👥 | B42: Both
